text,label,doc_id
Nic Hansen,PERSON,0
Macau,GPE,0
Antimo Merone,PERSON,0
RISE,ORG,0
raspberry,PERSON,0
the Berry Export Summary,ORG,0
Hort Innovation,ORG,0
Jenny Van de Meeberg,PERSON,0
Zimbabwe,GPE,1
"Olschewski • Skat
Project",PERSON,1
Collaborators & Partners,ORG,1
Sub-Sahara Africa,GPE,1
USA,GPE,1
Android,ORG,2
Twitter,PERSON,2
Real-Time,ORG,2
Avatar,ORG,2
India,GPE,3
India,GPE,3
National Sample Survey,ORG,3
NSS,ORG,3
India,GPE,3
NSS,ORG,3
India,GPE,3
India,GPE,3
India,GPE,3
Gunnar Nelson,PERSON,4
Zak Cummings,ORG,4
UFC Fight Night,ORG,4
Nelson,PERSON,4
Karate,PERSON,4
Cummings,GPE,4
Nelson,PERSON,4
Nelson,PERSON,4
Nelson,PERSON,4
Nelson,PERSON,4
Nelson,PERSON,4
Cummings,GPE,4
nelson,PERSON,4
Fabiana Filippi's,ORG,5
Dan Foley,PERSON,6
Dan Foley,PERSON,6
Foley,PERSON,6
Maine,GPE,6
Carolyn,PERSON,6
Sierra,ORG,6
the Table Menu Week,EVENT,7
Yankee,ORG,7
Jeff,PERSON,7
Marie,PERSON,7
Kim,PERSON,7
the New York Junior League,ORG,7
Tony,PERSON,7
Kim,PERSON,7
The New York Times’ Green Garlic Tabbouleh,ORG,7
Kim,PERSON,7
Kim,PERSON,7
Tony,PERSON,7
chris,PERSON,8
"Jon
Weird",PERSON,8
Aaron,PERSON,8
Leighton,PERSON,8
AC,ORG,8
Marshall,PERSON,8
Love,WORK_OF_ART,9
Relationships/,PERSON,9
Love,WORK_OF_ART,9
Sarah May Bates,PERSON,9
Ellen Huerta,PERSON,9
Primal Quest,ORG,10
Utah,GPE,10
Utah,GPE,10
Gordon Wright,PERSON,10
Primal Quest,ORG,10
Wordsmith.org,GPE,11
noun,PERSON,11
Truglo Riser Mount Picatinny,PERSON,12
AR-15,PRODUCT,12
Raises,PERSON,12
Picatinny,PERSON,12
AR-15 Flattop,PERSON,12
b2cu.cuna.org,GPE,13
ACH,ORG,13
VISA,ORG,13
MasterCard,ORG,13
PDF,ORG,13
CUNA/League,ORG,13
Jim Kouri,PERSON,14
Barack Obama,PERSON,14
Eric Holder,PERSON,14
Congress,ORG,14
al-Qaeda,ORG,14
the Joint Chiefs of Staff,ORG,14
the National Defense Intelligence College,ORG,14
the U.S. Army Combined Arms Center,ORG,14
JW,ORG,14
FBI,ORG,14
the Army Combating Terrorism Center,ORG,14
West Point,GPE,14
Islam,ORG,14
Bertie,PERSON,15
Soho Martini Kapow!-ing,PERSON,15
Cab Kapow,PERSON,15
London,GPE,15
London,GPE,15
London,GPE,15
Adam Thirlwell,PERSON,15
London,GPE,15
Kapow,PERSON,15
Kapow,PERSON,15
Adam Thirlwell,PERSON,15
Story,PERSON,15
Great,GPE,15
Great,GPE,15
Pics,GPE,15
Adam Thirlwell,PERSON,15
Morganite,PERSON,16
California,GPE,16
Madagascar,GPE,16
J.P. Morgan,PERSON,16
Morganite,GPE,16
Concrete Crusher,PERSON,17
"Crushed Concrete Aggregate Concrete Construction
Crushing",ORG,17
the Construction Materials Recycling,ORG,17
La Rioja,GPE,17
Recycling Concrete How to Recycle Concrete,WORK_OF_ART,17
"Construction Recycling For Sale Top Brand Buy
Construction Recycling For Sale Top Brand",WORK_OF_ART,17
FREE,ORG,18
Overstock.com,ORG,18
"Shoebuy.com
Women's Naot Rome - Buffalo Leather Orthopedic Shoes",ORG,18
Women's,ORG,18
"Birko Flor - Onyx
Jack Rogers Women's",PERSON,18
Napa Valley Thong Sandal,ORG,18
Society of Professional Journalists,ORG,19
Austin Chapter,PERSON,19
The Society of Professional Journalists,ORG,19
NFL,ORG,20
The Virginia Environmental Education Certification,ORG,21
the Virginia Environmental Education Certification,ORG,21
the North American Association for Environmental Education,ORG,21
NAAEE,ORG,21
NAAEE,ORG,21
the Ancient Ohio Earthworks,ORG,22
Ohio,GPE,22
the World Heritage List,ORG,22
"The Nomination Process
The U.S. Department of the Interior",WORK_OF_ART,22
the National Park Service,ORG,22
ROME,GPE,23
Vatican Mute,WORK_OF_ART,23
Francis,PERSON,23
Biden,PERSON,23
Francis Invites Delegation,PERSON,23
Vatican,GPE,23
ROME,GPE,23
Italy,GPE,23
Francis,PERSON,23
Canada,GPE,23
Church,ORG,23
Vatican News,ORG,23
Pope Francis,PERSON,23
Vatican,PRODUCT,23
Kim Davis,PERSON,23
COUP,ORG,23
the Globe and Mail,ORG,24
JeninCanada,ORG,24
a Creative Commons Attribution-NonCommercial-ShareAlike,ORG,24
Unported License,PERSON,24
Blogging,GPE,24
Choice Day,EVENT,24
Lose Hate,PERSON,24
Fierce Fatties,ORG,24
Kellogg,ORG,24
Marilyn Wann,PERSON,24
Yay,PERSON,24
Southern Living Idea House,ORG,25
Bunny Williams,PERSON,25
My Notting Hill,ORG,25
Southern Living Idea House,ORG,25
Bunny Williams,PERSON,25
Scotland,GPE,26
Gregory Johnson,PERSON,27
Gregory Johnson,PERSON,27
Gregory Johnson's,PERSON,27
Franklin Templeton Investments's,ORG,27
Franklin Templeton Investments,ORG,27
Gregory Johnson's,PERSON,27
Franklin Templeton Investments,ORG,27
St. Simons,GPE,27
Investment bank,ORG,27
Gregory J. Bamberg - Other,PERSON,27
Fibernet Direct's,ORG,27
Gregory J. Bamberg,PERSON,27
Sweetwater,PERSON,27
Telecom,GPE,27
Gregory J. Bamberg's,PERSON,27
Fibernet Direct,ORG,27
"Charles Robinson
Read",PERSON,29
Download Aesop's,PERSON,29
Fables PDF,PERSON,29
Hood,PERSON,29
the Brighter Child(R,ORG,29
Rhea,PERSON,29
miller,ORG,29
Rhea,PERSON,29
Roberto Alagna,PERSON,30
Roberto Alagna,PERSON,30
GB,GPE,30
Genre,PERSON,30
Digital Download,PERSON,30
Deutsche Grammophon,ORG,30
AIR Studios (Londres,ORG,30
Abbey Road Studios,ORG,30
Roberto Alagna,PERSON,30
Aleksandra Kurzak,ORG,30
Pagliacci,ORG,30
Manon Lescaut,PERSON,30
Madama Butterfly,PERSON,30
Roberto Devereux,PERSON,30
Roberto Alagna’s,PERSON,30
La Scala,PERSON,30
Angela Gheorghiu,PERSON,30
Alagna,PERSON,30
Coronavirus,ORG,31
Majestic Splendour,WORK_OF_ART,32
BellaNaija Weddings,ORG,32
Acknowledgements & Vendors,ORG,32
Grace,PERSON,32
Wuthering Heights,GPE,33
Wuthering Heights,GPE,33
Emily Bronte,PERSON,33
Wuthering Heights,GPE,33
Heathcliff,ORG,33
Hindley,ORG,33
Catherine,PERSON,33
Heathcliff,ORG,33
Heathcliff,GPE,33
Catherine,PERSON,33
Nelly,ORG,33
Mum,PERSON,34
Mum,PERSON,34
Mum,PERSON,34
Mum,PERSON,34
Mum,PERSON,34
David P. Zgarrick View Full,PERSON,35
Zgarrick D.P. Zgarrick,PERSON,35
David P.MANAGEMENT239995,PERSON,35
MLA,PERSON,35
Citation Zgarrick DP,PERSON,35
Zgarrick D.P. Zgarrick,PERSON,35
David P,PERSON,35
RIS,ORG,35
Zotero,PERSON,35
EndNote,ORG,35
Medlars ProCite RefWorks,ORG,35
Mendeley,PERSON,35
AUTHOR,ORG,35
Zgarrick,PERSON,35
Acting Dean,PERSON,35
the School of Pharmacy at Northeastern University’s Bouvé College of Health Sciences,ORG,35
BS,ORG,35
the University of Wisconsin,ORG,35
PhD,WORK_OF_ART,35
the Ohio State University,ORG,35
Compassion & Choices,ORG,36
Barbara Coombs Lee,PERSON,36
Redefine,PERSON,36
Barbara’s,PERSON,36
Florida,GPE,37
Seminole County,GPE,37
Henry Brown,PERSON,37
Chericia Brown,PERSON,37
Chericia,PERSON,37
Henry,PERSON,37
Henry,PERSON,37
Henry,PERSON,37
Ann Brocklehurst,PERSON,38
the International Herald Tribune,ORG,38
Berlin,GPE,38
Bonn,GPE,38
Berlin,GPE,38
the Cold War years,EVENT,38
East Berlin’s,GPE,38
Berlin,GPE,38
LinkedIn,GPE,39
Boston,GPE,39
Minnesota,GPE,39
Suffolk University Law School’s Intellectual Property,ORG,39
US,GPE,39
Fresenius,ORG,39
Akorn,ORG,39
US,GPE,39
Kartoffel,ORG,39
Make Sure Customer Service Reps Understand,ORG,40
The Newstead Project,WORK_OF_ART,41
fed,ORG,42
n’t,GPE,42
K9,PERSON,42
Parliament,ORG,43
iPad,ORG,43
WiFi,PERSON,43
the House of Commons,ORG,43
iPad,ORG,43
Commons,ORG,43
Thomas Kosmala,PERSON,44
France,GPE,44
Poland,GPE,44
London,GPE,44
Thomas,PERSON,44
the Signature Collection,ORG,44
London,GPE,44
Menopause,ORG,45
Friend,ORG,46
Direct Debit,ORG,46
Friend,ORG,46
Hippodrome Projects,ORG,46
Birmingham Royal Ballet,ORG,46
Welsh National Opera,ORG,46
MIA,ORG,47
Texas,GPE,48
the Dinner Bell,ORG,48
Barcelona,GPE,49
Tottenham,ORG,49
Onda Cero's,PERSON,49
El Transistor,ORG,49
London,GPE,49
Guardiola,ORG,49
SpursChelsea,ORG,49
UEFA Youth League,ORG,49
Tottenham,GPE,49
Mauricio Pochettino,PERSON,49
Onda Cero,PERSON,49
El Transistor,ORG,49
London,GPE,49
Barcelona,GPE,49
Espanyol,GPE,49
Guardiola,ORG,49
Spurs,PERSON,49
Carles Puyol,PERSON,49
Sergio Ramos,PERSON,49
LaLiga,PERSON,49
England,GPE,49
Spain,GPE,49
Galicia,PERSON,49
Catalunya,GPE,49
Nicholas Allegra,PERSON,50
CNET,ORG,50
UK,GPE,50
Gadget Show,PERSON,50
Jon Bentley,PERSON,50
Hacker,PERSON,50
Dev-Team,ORG,50
iPad,ORG,50
eBay,ORG,50
US,GPE,50
Muse2,PERSON,50
the iPhone Dev Team,ORG,50
Northern Ireland,GPE,51
Knitted,PERSON,51
Northern Ireland-,GPE,51
Militarykit.com,ORG,51
Buy Norse Projects Fall 2011,ORG,51
Reviews,PERSON,51
British Army NI,ORG,51
Northern Ireland Cadets,GPE,51
Collectables,GPE,51
Militaria,GPE,51
Surplus/ Equipment,ORG,51
eBay,ORG,51
XL,ORG,51
N. I. Style,PERSON,51
Size,ORG,51
Black Leather MMA,ORG,51
Aaron Pryor,PERSON,52
Aaron Pryor,PERSON,52
Cincinnati,GPE,52
Ohio,GPE,52
USA,GPE,52
Cincinnati,GPE,52
Ohio,GPE,52
USA,GPE,52
Aaron Pryor Gallery,PERSON,52
Robert Newton,PERSON,52
Boston,GPE,52
Pan American Games Silver Medalist,ORG,52
National Golden Gloves Champion,ORG,52
Thomas Hearns,PERSON,52
Detroit,GPE,52
U.S. Olympic Alternate,EVENT,52
"Career Notes
- Pryor's",WORK_OF_ART,52
Buddy LaRosa,PERSON,52
LaRosa,ORG,52
Pizzeria,GPE,52
Pryor,PERSON,52
Sylvester Stallone's,PERSON,52
Tiger Eye,PERSON,52
Roberto Duran,PERSON,52
Pryor,PERSON,52
Online Advertising,ORG,53
Bing,PERSON,53
Display,PERSON,53
Banner,PERSON,53
Search Advertising,ORG,53
Search Engine Marketing,ORG,53
Display Advertising,ORG,53
Banner Ads,PERSON,53
Display Advertising,ORG,53
"Occupational Education
University",ORG,54
IRB,ORG,54
Thesis Handbook,PERSON,54
Hamby,GPE,54
J.L.,GPE,54
the Applied Biology/Chemistry,ORG,54
Oklahoma,GPE,54
Oklahoma,GPE,54
State University,ORG,54
The Midst Of Their Unfortunate Lives Felt Like Having A Sailboat In The Middle Of A Hurricane,ORG,55
Are Like Thighs: They Stick Collectively,WORK_OF_ART,55
"More So When The Warmth Is On “
- H Birthday Messages For My Sister
- Sister Quotes",WORK_OF_ART,55
quotes,PERSON,55
Hecate,ORG,55
Macbeth,PERSON,55
Vikings,ORG,56
Vikings,ORG,56
Yay,PERSON,56
Josie,PERSON,56
The Liebster Award,ORG,56
this How To Train Your Dragon,WORK_OF_ART,56
U.S.,GPE,57
Bradley Manning,PERSON,57
Iraq,GPE,57
Afghanistan,GPE,57
Manning,PERSON,57
Manning,PERSON,57
NSA,ORG,57
Edward Snowden,PERSON,57
Sanders,ORG,58
Sanders,ORG,58
Sanders,PERSON,58
ExxonMobil,ORG,58
Sanders,ORG,58
Senate,ORG,58
George W. Bush,PERSON,58
Sanders,PERSON,58
the United States,GPE,58
Sanders,PERSON,58
University of California (Berkeley,ORG,58
Emmanuel Saez,PERSON,58
Striking it Richer: The Evolution of Top Incomes,WORK_OF_ART,58
the United States,GPE,58
Housley et al,PERSON,59
Edwards,PERSON,59
Saviour,PERSON,60
ga,ORG,60
ULFA,ORG,61
ULFA (Independent,ORG,61
Global Investors Summit,ORG,61
Ulfa,GPE,61
Paresh Baruah,PERSON,61
Ulfa,GPE,61
Ulfa,GPE,61
Arunodoi Asom,PERSON,61
ULFA,ORG,61
NSCN,ORG,61
"Sri Sri Ravi Shankar
Ravi Shankar",PERSON,61
Guwahati,GPE,61
Khaplang,GPE,61
Assembly,ORG,61
GST,ORG,61
Poonch,GPE,61
Jammu,GPE,61
Selena Gomez,PERSON,62
Disney,ORG,62
Selena Gomez,PERSON,62
Instagram,ORG,62
Taylor Swift,PERSON,62
Selena Gomez,PERSON,62
Instagram,ORG,62
Taylor Swift,PERSON,62
Justin Bieber,PERSON,62
Witches,PERSON,62
King's,ORG,63
Toronto,GPE,63
Karen Stintz,PERSON,63
Dipl,PERSON,63
Toronto,GPE,63
Jane Antoniak,PERSON,63
Karen Stintz,PERSON,63
Baltimore Ravens,ORG,63
Toronto City Hall,ORG,63
Henry,PERSON,63
Baltimore,GPE,63
Stintz,PERSON,63
Eglinton-Lawrence,ORG,63
the Toronto Transit Commission,ORG,63
TTC,ORG,63
Toronto,GPE,63
NDP,ORG,63
Olivia Chow,PERSON,63
Rob Ford,PERSON,63
Ford,PERSON,63
Ford,PERSON,63
Campbell,ORG,65
Campbell,ORG,65
Early Intervention Specialist/Service Coordinator,ORG,66
and/or disorders,PERSON,66
Edwin Koo,PERSON,67
the Unicef Photo of,ORG,67
the ICON de Martell,ORG,67
Cordon Bleu,PERSON,67
Singapore,GPE,67
Edwin,PERSON,67
Streats,PRODUCT,67
The Straits Times,ORG,67
Nepal,PERSON,67
Conceptualizing Inclusive,ORG,68
the Planning Commission,ORG,68
UNDP,ORG,68
UNDP-Planning Commission,ORG,68
New Delhi,GPE,68
the Planning Commission,ORG,68
UNDP,ORG,68
New Delhi,GPE,68
Montek Singh Ahluwalia,PERSON,68
Planning Commission,ORG,68
the Planning Commission,ORG,68
Ebenezer,PERSON,69
Greenville,GPE,69
TX Licensee,PERSON,69
Greenville,GPE,69
Texas,GPE,69
EB-FIELDSCR-12-00004371,ORG,69
Dallas Office,ORG,69
I. INTRODUCTION 1,ORG,69
NAL,ORG,69
Ebenezer,PERSON,69
Greenville,GPE,69
TX,ORG,69
Station KYLP-LP,PERSON,69
Greenville,GPE,69
Texas,GPE,69
Commission,ORG,69
EAS,ORG,69
Iglesia,GPE,69
LOL,ORG,70
Roleystone,ORG,71
Roleystone,ORG,71
Roleystone,ORG,71
Roleystone,ORG,71
Roleystone,ORG,71
Roleystone,ORG,71
Roleystone,ORG,71
AUNE’s Department of Clinical Psychology,ORG,72
Roger Peterson,PERSON,72
the Department of Clinical Psychology,ORG,72
AUNE,PERSON,72
Doro PhoneEasy 618,ORG,73
Consumer Cellular,ORG,73
Doro,ORG,73
Vegan Oriental Dishes,ORG,74
Vegetarian Beef,ORG,74
Vegetarian Chicken,PERSON,74
Stir-Fry Dishes,ORG,74
Filipino Dishes,WORK_OF_ART,74
Cholesterol-Free,ORG,74
Soy,PERSON,74
Amazon Music Unlimited,ORG,75
Healing Power,ORG,75
"the Sacred Woman: Health, Creativity",ORG,75
Lemos,PERSON,75
Lotus Guide Magazine,ORG,75
Page,PERSON,75
Mother Earth,PERSON,75
Light,GPE,75
the Sacred Woman,ORG,75
Eden,PERSON,75
Energy Medicine: Balancing Your Body's Energies for Optimal Health,ORG,75
"Jo
""",PERSON,75
Chat no.5,ORG,76
Jeff Nicholas,PERSON,76
Alan Truscott’s,PERSON,76
’s Chat,PERSON,76
XV,PERSON,76
Chippenham,GPE,76
Wadebridge,WORK_OF_ART,76
Wadebridge,WORK_OF_ART,76
XV,ORG,76
Pirates Amateurs,ORG,76
Peninsular Medics,ORG,76
Plymouth,ORG,76
Merit Table,ORG,76
Truro,ORG,76
Walcot,GPE,76
Holiday Party,ORG,77
Good Host,PERSON,77
N.Y.,GPE,77
"the New York Insurance Association, Inc.",ORG,77
NYIA,ORG,77
New York,GPE,77
Ellen Melchionn,PERSON,77
smart meters,PERSON,78
Ralph,PERSON,78
smart meter,PERSON,78
smart meter,PERSON,78
Chuck,PERSON,78
Smart Meters,PERSON,78
Ralph,PERSON,78
Allan,PERSON,78
Rudolf Steiner,PERSON,78
Bærum,GPE,78
Norway,GPE,78
UFC,ORG,79
Brazil,GPE,79
UFC 142,ORG,79
FX,ORG,79
MMAWeekly.com,ORG,79
FX,ORG,79
Spike TV,ORG,79
FX,ORG,79
UFC 142,ORG,79
Brazil,GPE,79
Thiago Tavares,ORG,79
Sam Stout,PERSON,79
Paulo Thiago,PERSON,79
Mike Pyle,PERSON,79
Stanislav Nedkov,PERSON,79
Rob Broughton,PERSON,79
Ednaldo Oliveira,PERSON,79
Felipa Arantes,PERSON,79
Antonio Carvalho,PERSON,79
Michihiro,GPE,79
Omigawa,PERSON,79
Yuri Alcantara,PERSON,79
Aldo,PERSON,79
Mendes,PRODUCT,79
FX,ORG,79
Damon Martin,PERSON,79
UFC News,ORG,79
Journey,ORG,80
Tech,ORG,80
Art Schools,PERSON,80
"Giving, Inspiring and Growing
Give",ORG,80
Aspen,GPE,81
The Aspen Times,ORG,81
marijuana,PERSON,81
Scientific Reports,ORG,81
marijuana,PERSON,81
marijuana,PERSON,81
Bell,ORG,82
Gemmell,PERSON,82
John Buchanan,PERSON,82
the Avondale Presbyterian Church,ORG,82
John Shedden Adam,PERSON,82
Bell,ORG,82
the Whau Public Hall Committee,ORG,82
the Highway District Board,ORG,82
Gemmell,ORG,82
Buchanan,PERSON,82
the Auckland Agricultural & Pastoral Show,ORG,82
kip,ORG,82
Rob Taylor,PERSON,83
Grocery Bag,PERSON,84
Ebay,ORG,85
Ebay,ORG,85
UPS,ORG,85
Rebekah,PERSON,85
don,PERSON,85
Lynette Nyman,ORG,87
Red Cross Staff,ORG,87
Twin Cities Area Chapter,ORG,87
the Whittier Co-op,ORG,87
Minneapolis,GPE,87
Calvary Church,ORG,87
Blaisdell Avenue,ORG,87
Matt Gresham,PERSON,87
Gresham,PERSON,87
Gresham,PERSON,87
the Red Cross,ORG,87
Sharon Madigan,PERSON,87
Found,WORK_OF_ART,88
the Angel & Faith Season,ORG,88
Joss Whedon,PERSON,88
Amy,PERSON,88
Angel,PERSON,88
Magic Town,PRODUCT,88
Riley,ORG,88
"What You Want, Not What You Need",WORK_OF_ART,88
Who Are You,WORK_OF_ART,88
Faith,ORG,88
Buffy,ORG,88
Amy Madison,PERSON,88
"Riley Finn
- Samantha Finn
-",PERSON,88
Willow Rosenberg,PERSON,88
London,GPE,88
Vine,PERSON,89
Twitter,PERSON,89
Tribeca Film Festival,PERSON,89
DRAMA,PERSON,89
Jonathan Gold,PERSON,91
Palsaik Samgyeopsal,PERSON,91
Koreatown,ORG,91
Ali Al Tajali2,PERSON,92
Adolescent Psychiatrist,PERSON,92
Shuwaikh,PERSON,92
State of Kuwait,ORG,92
Adult Psychiatrist,PERSON,92
Neuromodulation Unit,ORG,92
Kuwait Centre for Mental Health,ORG,92
Shuwaikh,PERSON,92
State of Kuwait,ORG,92
Naguy N,ORG,92
Mirtazapine-Galantamine Combo,ORG,92
Tackles Behavioral Facets,ORG,92
al,PERSON,92
the Creative Commons Attribution License,ORG,92
"Autism-Open Access
Autism",EVENT,92
Mirtazapine,ORG,92
"Galantamine
Autism Spectrum Disorders",PERSON,92
Park City,GPE,94
Park City,GPE,94
Edgar Allen Poe,PERSON,95
Fox’s,ORG,95
Whodunit,ORG,95
Kevin Bacon,PERSON,95
Ryan Hardy,PERSON,95
FBI,ORG,95
Hardy,ORG,95
New York - FREE,GPE,96
Apply for Initial Salesperson License,WORK_OF_ART,96
NYS,ORG,96
Light Blonde Pixie Haircut,ORG,97
Haribabu Kommi,PERSON,98
0001-Change-Create-Access,ORG,98
API,ORG,98
storageAm,ORG,98
Venue One,ORG,99
Chicago,GPE,99
West Loop,GPE,99
CTA’s Green and Pink Lines,ORG,99
Divvy,PERSON,99
"Hotel Information
Our",ORG,99
Silversmith Hotel & Suites,ORG,99
the CTA Green,PRODUCT,99
Ticket & Event Policies,ORG,99
Ross,PERSON,100
Ross,PERSON,100
Gainesville,PERSON,100
Gators,ORG,100
Ross,PERSON,100
Florida,GPE,100
Kacy,ORG,100
Ross,PERSON,100
Jesus Christ,PERSON,100
Ross,PERSON,100
Kacy,PERSON,100
the School of Communications,ORG,101
Media,ORG,101
Arts,ORG,101
Centennial,ORG,101
Centennial,ORG,101
Talbot Hidden,PERSON,102
the Department of French,ORG,102
the University of Illinois,ORG,102
Urbana-Champaign,ORG,102
Honors Program,ORG,102
Department,ORG,102
St. Francis College,ORG,102
the University of New England,ORG,102
Brown University,ORG,102
QuÃ,ORG,102
Stendhal,PERSON,102
Medieval Latin,PERSON,102
Classical Greek,ORG,102
Reading Nelligan,PERSON,102
Steel,ORG,103
Iron,ORG,103
UW Whitewater,PERSON,104
"Whitewater,",GPE,104
Wisconsin,GPE,104
Milwaukee,GPE,104
UW Whitewater,PERSON,104
UW Whitewater,PERSON,104
Adult Student Connection,ORG,104
Adult Student Connection,ORG,104
Pan Hellenic Council,ORG,104
Sigma Alpha Lambda,PERSON,104
Cru (Faith-Related Organization,ORG,104
National Society of Leadership,ORG,104
Success,ORG,104
Homecoming Week,EVENT,104
Campus Welcome Week,ORG,104
Valentine’s Day-ing,PERSON,105
baki,GPE,105
Arrested Development,ORG,106
Jason Bateman-given,PERSON,106
America,GPE,106
COMPLETELY FUCKING RUINED,PERSON,106
Mitch Hurwitz,PERSON,106
Nooooooo,ORG,106
OBAMA,PERSON,106
Arrested Develop,ORG,106
BabyFur,ORG,107
BabyFur,ORG,107
Babyfur,GPE,107
Dresses,ORG,107
Onesies,ORG,107
Pajamas,PERSON,107
Mittens,PERSON,107
Ning,PERSON,108
CSS,ORG,108
Ning Creators Social Network,ORG,108
CSS,ORG,108
Kos,PERSON,108
Diane,PERSON,108
Ning,PERSON,108
CSS,ORG,108
CSS,ORG,108
Group,ORG,108
Company,ORG,108
Dognip,ORG,109
~Langela,PERSON,109
Ginny,PERSON,109
Arizona,GPE,109
The Fairport Public Library,ORG,110
Fairport Village Landing,ORG,110
Intenet,ORG,110
Tori Reilly,PERSON,110
Reilly,PERSON,110
Library,PERSON,110
Library,PERSON,110
Pinnacle Point Resort Accommodation,ORG,111
Pinnacle Point,ORG,111
Pinnacle Point Estat,ORG,111
Pinnacle Point Golf Estate,ORG,111
"Parking
Accommodation",WORK_OF_ART,111
Pinnacle Point,ORG,111
Pinnacle Point,ORG,111
Golf Lodge,PERSON,111
Pinnacle Point,ORG,111
Golf Lodge,PERSON,111
Pinnacle Point,ORG,111
Golf Lodge,PERSON,111
HP,ORG,112
Forum Solvedwhat,PERSON,112
Lenovo,ORG,112
the Illinois General Assembly,ORG,112
Intel Core,ORG,112
Lenovo Photos,ORG,112
Cyberlink PowerDirector,PERSON,112
Cyberlink PhotoDirector,ORG,112
Microsoft Office,ORG,112
McAfee LiveSafe,PERSON,112
Lenovo,ORG,112
VeriFace,ORG,112
Bing,PERSON,112
Office 365,ORG,112
Damascus,GPE,113
Spain,GPE,113
Madrid,GPE,113
Bashar al-Assad,PERSON,113
Mrs AH,ORG,113
Ananda Meditation Group,ORG,114
Yogananda,GPE,114
Divine Mother’s,ORG,114
Guru,PERSON,114
"Date of Birth: Unknown
State",WORK_OF_ART,115
Sweepstakes,PERSON,115
Melbourne,GPE,116
Victoria,GPE,116
Touring Options,WORK_OF_ART,116
"Great Value
Flights,",ORG,116
"Hotels & Touring Options
Peace of Mind",ORG,116
"ABTA Protected
Low Deposit",ORG,116
"Melbourne Hotels
Hotels",ORG,116
Melbourne,GPE,116
Australia,GPE,116
"Melbourne
Batman's",ORG,116
Hill - Melbourne,ORG,116
the Melbourne Aquarium,ORG,116
the Southern Cross Railway Station,ORG,116
Melbourne,GPE,116
the Jasper Hotel,ORG,116
Benedict XVI,PERSON,117
Istanbul,GPE,117
ISTANBUL,GPE,117
Turkey,GPE,117
Benedict XVI,PERSON,117
the Ecumenical Patriarchate,ORG,117
Istanbul,GPE,117
Benedict,PERSON,117
Constantinople,ORG,117
Istanbul,GPE,117
Ecumenical Patriarch Bartholomew,PERSON,117
Country,GPE,117
Orthodox-Catholic Relations,ORG,117
Benedict XVI,PERSON,117
Istanbul,GPE,117
Xtra,ORG,118
the Toronto Alternative Art Fair International,ORG,118
TAAFI,ORG,118
Toronto International Art Fair,ORG,118
TAAFI,ORG,118
TIAF,ORG,118
Yorkville,GPE,118
TAAFI,ORG,118
Gladstone,PRODUCT,118
Drake Hotels,PERSON,118
Beaver,PERSON,118
Parkdale,ORG,118
Andrew Harwood,PERSON,118
John McLachlin,PERSON,118
Will Munro,PERSON,118
Dorothy,PERSON,119
Dorothy,PERSON,119
Liz,PERSON,119
Liz,PERSON,119
Dorothy,PERSON,119
Liz,PERSON,119
Red,ORG,119
Vengsarkar,PERSON,120
Kapil Dev,PERSON,120
Arjuna Award,PERSON,120
Wisden,GPE,120
WI 7,ORG,120
WI 7,ORG,120
Dilip Balwant Vengsarkar,PERSON,120
Rajapur,GPE,120
Maharastra,GPE,120
New Zealand,GPE,120
India,GPE,120
MR.Kapil,PERSON,120
India,GPE,120
ELF,ORG,120
Academy,ORG,120
Mumbai Cricket Association,ORG,120
Talent Resource Development,ORG,120
Japan,GPE,121
New Zealand,GPE,121
Hawaii,GPE,121
Hawaii,GPE,121
Aloha,ORG,121
MultiTarget -Version 1.1.12 -Source,ORG,122
Package,ORG,122
Visual Studio,PERSON,122
Install-Package BIT.Sqlite,ORG,122
PackageReference,ORG,122
XML,PRODUCT,122
"PackageReference Include=""BIT.Sqlite",ORG,122
NuGet,ORG,122
NuGet,ORG,122
SQLite,ORG,122
XPO,ORG,122
Android,ORG,122
UWP,GPE,122
NuGet,ORG,122
Apple,ORG,123
OS X Mavericks,ORG,123
Mac,PERSON,123
Software Update,ORG,123
Apple's Developer Center,ORG,123
Apple,ORG,123
Non-Disclosure Agreement,ORG,123
NDA,ORG,123
GM,ORG,123
DP6,GPE,123
New Hampshire Paper,GPE,124
Run Gay Marriage Announcement,ORG,124
Run Gay Marriage Announcement,ORG,124
Obama,PERSON,124
Chuck Studios,ORG,125
Shamo,ORG,126
Shamo,WORK_OF_ART,126
Japan,GPE,126
Ko Shamo,PERSON,126
Nankin Shamo,ORG,126
Nankin,GPE,126
Shamo,WORK_OF_ART,126
Yamato,ORG,126
SHAMO,ORG,126
Shamo,ORG,126
Chu Shamo,PERSON,126
Julia Keeling,ORG,126
Judith of the Style Crone's,PERSON,128
Curtis,ORG,128
Curt,PERSON,128
Curt,GPE,128
SassyVamp Desiree,ORG,128
Wyndham,GPE,129
Ningbo,GPE,129
Howard Johnson,PERSON,129
Ningbo,GPE,129
Ningbo,GPE,129
Ningbo,GPE,129
Howard Johnson,PERSON,129
Ningbo,GPE,129
Non Smoking,PERSON,129
Non Smoking,PERSON,129
"Non Smoking
- Business Room",ORG,129
Ningbo,GPE,129
Howard Johnson,PERSON,129
Ningbo,GPE,129
Ningbo,GPE,129
Haishu,GPE,129
Ningbo Gu Storey - 20,PERSON,129
Tian Yi Square - 25,PERSON,129
Hillwood Song,PERSON,130
Llac,ORG,130
Punk,PERSON,130
WHIP,ORG,130
Hung G's,PERSON,130
Kibbles N' Bits,ORG,130
Virginia Asthma,PERSON,131
virginia,GPE,131
Agreement,ORG,132
T&C,ORG,132
Immediate Families,WORK_OF_ART,132
Motorways and Trunk Roads,WORK_OF_ART,133
EKAM,ORG,133
al-rassan,PERSON,134
Fedora Core Release,PERSON,134
Mirror List,PERSON,134
Al-Rassan,ORG,134
Fedora,PERSON,134
Al-Rassan,PERSON,134
IBM,ORG,134
Laptop Power Units,ORG,134
Worldwide,PERSON,134
Al-Rassan,PERSON,134
Argh,ORG,134
Linux,PERSON,134
kung-fu,ORG,134
Oslo,GPE,135
Ole,ORG,135
Gjøvik,PERSON,135
World,ORG,135
Ole,ORG,135
Australia,GPE,135
Michael,PERSON,135
Mustad,PERSON,135
Yahoo.com,ORG,136
"Bengals.com
News",ORG,136
Yahoo.com,ORG,136
Bengals.com,ORG,136
NFL,ORG,136
Roger Goodell,PERSON,136
Robert Kraft's,PERSON,136
Deflategate,PERSON,136
the New England Patriots',ORG,136
Robert,PERSON,136
Goodell,ORG,136
Goodell,ORG,136
Tom Brady's,PERSON,136
Brady,PERSON,136
CINCINNATI,GPE,136
AP,ORG,136
Bengals,ORG,136
Jake Fisher,PERSON,136
Oregon,GPE,136
Nick Mensio,PERSON,136
NFL,ORG,136
NFLPA,ORG,136
Roger Goodell,PERSON,136
Spring Weekend,EVENT,137
Brown,PERSON,137
Spring Weekend,EVENT,137
the Main Green,ORG,137
New York,GPE,137
New York,GPE,137
R&B,ORG,137
Spring Weekend,EVENT,137
Nokia,ORG,137
Lil Dicky,PERSON,137
Lorely Rodriguez,PERSON,137
Empress Of,WORK_OF_ART,137
Quaid Day 2019,PERSON,138
MQI,ORG,138
UK,GPE,138
UK,GPE,138
Beloved Quaid,PERSON,138
Shaykh-ul-Islam Dr,PERSON,138
Muhammad Tahir-ul-Qadri,PERSON,138
Hassan Mohi-ud-,PERSON,138
Supreme Council,ORG,138
Minhaj,GPE,138
Ghazala Hassan Qadri,PERSON,138
Allama Hafiz Abdul Saeed,ORG,138
Accrington,GPE,138
SAW,ORG,138
Kabir Hussain,PERSON,138
Hassan Mohi-ud-,PERSON,138
Supreme Council,ORG,138
Minhaj,GPE,138
Minhaj,GPE,138
MQI,ORG,138
LONDON,GPE,138
MQI,ORG,138
UK,GPE,138
Steven G. Smith,PERSON,139
The Boston Globe,ORG,139
Amy Bloom,PERSON,139
Amy Bloom,PERSON,139
America,GPE,139
Hollywood,GPE,139
New Haven,GPE,139
Conn.,GPE,139
Connecticut,GPE,139
Connecticut,GPE,139
Steady Habits,ORG,139
kitche,ORG,139
The Elk River Pioneers,ORG,140
St. Michael,GPE,140
Pioneers,PERSON,140
Albertville,GPE,140
Champlin,PERSON,140
Ben Hendrickson,PERSON,140
Henrickson,ORG,140
Anoka,GPE,140
Milwaukee Brewer,ORG,140
Hendrickson,PERSON,140
Copenhagen,ORG,141
Copenhagen,ORG,141
Copenhagenish,GPE,141
O’Hara Electric,ORG,142
O’Hara Electric,ORG,142
knob,PERSON,142
the National Bank of Angola,ORG,143
Angola,GPE,143
Maritime Operators,WORK_OF_ART,143
Maritime Operators,ORG,143
Maritime Operators,ORG,143
Angolan,GPE,143
Port Charges,GPE,143
the Maritime Operators,ORG,143
Παραδείγματα,GPE,144
Stoica Adrian,PERSON,144
Introduction Mobile,ORG,144
Privacy & security,ORG,144
Introduction Mobile,ORG,144
Introduction Mobile,ORG,144
Smartphones Continuous,ORG,144
RFID QRCodes,ORG,144
kPow,ORG,145
Apache Kafka,PRODUCT,145
Kafka,PERSON,145
kPow,ORG,145
Kafka Clusters,PERSON,145
Schema Registries,PERSON,145
Kafka Connect Clusters,PERSON,145
Subscribe,PRODUCT,145
kPow,ORG,145
kPow,ORG,145
kPow,ORG,145
Kafka Cluster,PERSON,145
Registry,ORG,145
AWS,ORG,145
kPow,ORG,145
kPow,ORG,145
Kafka,PERSON,145
JMX,ORG,145
Zookeeper,PERSON,145
Docker,ORG,145
GB,PERSON,145
kPow,ORG,145
Kafka Cluster - perfect,PERSON,145
kPow,ORG,145
OpenID,ORG,145
"Okta, Github SSO",ORG,145
Role Based Acces,ORG,145
Kröd Mändoon,PERSON,146
SFX,ORG,146
Kröd Mändoon,PERSON,146
HMS Camden Lock,ORG,146
Jericho,GPE,146
Jericho,GPE,146
Kansas,GPE,146
United States,GPE,146
Listener,PERSON,146
"Stryker Hip Implants Lawsuit
Stryker Orthopaedics",ORG,147
MoM,ORG,147
Stryker’s Accolade,ORG,147
Stryker,ORG,147
Stryker,ORG,147
the U.S. Food and Drug Administration,ORG,147
FDA,ORG,147
Health Canada,ORG,147
UK,GPE,147
Healthcare Products Regulatory Agency,ORG,147
MoM,PERSON,147
FDA,ORG,147
MoM,ORG,147
MoM,PERSON,147
Kejora Villas,PERSON,148
Kejora Villas,PERSON,148
Kejora Villas,PERSON,148
Sanur,GPE,148
Bali,GPE,148
Sanur,PERSON,148
Villas,PERSON,148
Arie’s,PERSON,148
Bali,GPE,148
Arie’s Corn Fritter,PERSON,148
Galungan,PERSON,148
Kuningan,GPE,148
Calendar,PERSON,148
Bali Villa,GPE,148
Lemon,ORG,149
San Francisco,GPE,149
CA,PRODUCT,149
Katy Raddatz/The Chronicle,PERSON,149
SAN FRANCISCO,GPE,149
CA,PRODUCT,149
Katy Raddatz,PERSON,149
Meyer,ORG,149
Vignette 1: “,PERSON,150
Gender,PERSON,150
Kayla,PERSON,150
Kayla’s,PERSON,150
Michael,PERSON,150
Kayla’s,ORG,150
Vignette,PERSON,150
Lokaal Wassenaar,ORG,151
Wassenaar,ORG,151
Wassenaar,GPE,151
Lokaal Wassenaar,ORG,151
Wassenaar,ORG,151
the “de Kieswet,ORG,151
De Kiesraad,PERSON,151
the Dutch National Electoral Council,ORG,151
Eurostar,ORG,152
Kent,PERSON,152
A23,ORG,152
Red Cross,ORG,152
Commuters,ORG,152
Cheryl Baker,PERSON,152
Belgium,GPE,152
France,GPE,152
Munzenberg,GPE,152
Germany,GPE,152
Frankfurt,GPE,152
Charles de Gaulle,PERSON,152
Dick Daughtry,PERSON,153
Dick Daughtry,PERSON,153
Goldsboro Earthquakes,ORG,153
the Allied Powers,ORG,153
Dick Daughtry,PERSON,153
Goldsboro,PERSON,153
Brokaw’s Greatest Generation,ORG,153
the National Film Board of Canada,ORG,154
Op-Docs,GPE,154
the New York Times,ORG,154
Glass,PERSON,154
Katarina Cizek,PERSON,154
The New York Times's,ORG,154
Home,WORK_OF_ART,154
Toronto,GPE,154
Helios Design Labs,ORG,154
Face Protection & Face Coverings,ORG,155
staplesa3,ORG,155
Meltblown Fabric,ORG,155
Fibre Glass Free,PERSON,155
Nitrile Gloves,GPE,155
India,GPE,155
Nitrile Gloves,PERSON,155
Canonical,ORG,156
OS Name,ORG,157
"Standard Edition
Version 5.2.3790 Service Pack 2 Build",ORG,157
Description R2,PERSON,157
"Manufacturer Microsoft Corporation
System Name",ORG,157
GenuineIntel,ORG,157
Mhz,GPE,157
GenuineIntel,ORG,157
Mhz,GPE,157
Heidi Cho,PERSON,158
the Nobel Prize in Literature,WORK_OF_ART,158
Kazuo Ishiguro,PERSON,158
the Nobel Prize in Literature,WORK_OF_ART,158
Ishiguro,ORG,158
a Nobel Prize,WORK_OF_ART,158
the Nobel Prize Foundation,WORK_OF_ART,158
Morty,PERSON,158
Rick and Morty,WORK_OF_ART,158
Ishiguro,ORG,158
the Norwegian Nobel Committee’s,ORG,158
the Nobel Prize,WORK_OF_ART,158
Ishiguro,ORG,158
The Remains of the Day,WORK_OF_ART,158
Never Let Me Go,WORK_OF_ART,158
David Scott’s,PERSON,159
Ceylon,ORG,159
Ann Laura Stoler’s,PERSON,159
Dutch East Indies,ORG,159
Indochina,GPE,159
Chaos,PRODUCT,160
Chaos,PRODUCT,160
Chaos,PRODUCT,160
Chaos,PRODUCT,160
"Sword of Rome – Boardgame Review
Down the Appian Way
So",ORG,161
Gauls,PERSON,161
BC,ORG,161
GMT,ORG,161
Rome,GPE,161
Wray Ferrell,PERSON,161
Sword’s,ORG,161
"The Sword and the Spear
GMT",WORK_OF_ART,161
IKG,ORG,162
NAAMM,ORG,162
IKG,ORG,162
Beauty Dentistry,ORG,163
the American Dental Association,ORG,163
the American Academy of,ORG,163
Stephanie Brown,PERSON,164
the Asheville Convention and Visitors Bureau,ORG,164
the Creative Sector Summit,ORG,164
the Asheville Area Arts Council,ORG,164
Asheville Arts Alive,ORG,164
the Asheville Area Arts Council,ORG,164
the Asheville Convention and Visitors Bureau,ORG,164
the Creative Sector Summit,ORG,164
Buncombe County,GPE,164
Asheville Arts Alive,ORG,164
Stephanie Brown,PERSON,164
the Convention and Visitors Bureau,ORG,164
Exploreasheville.com,ORG,164
Simmer,ORG,165
Namasté,GPE,166
the State of the Food Travel Industry,ORG,167
"Top Insights
- Defining",PERSON,167
Food-Loving Travelers,ORG,167
Kevin James,PERSON,168
Netflix,GPE,168
James,PERSON,168
Kevin James,PERSON,168
Does Google,WORK_OF_ART,168
Paul Blarts,PERSON,168
Kevin James,PERSON,168
Paul,PERSON,168
New York',GPE,169
UK,GPE,169
U.S.,GPE,169
Octopussy,ORG,169
New York,GPE,169
Ian Fleming,PERSON,169
James Bond,PERSON,169
Fleming,ORG,169
Glidrose,ORG,169
Peter Janson-Smith,PERSON,169
The New York Herald Tribune,ORG,169
New York,GPE,169
Fleming,ORG,169
Reflections,ORG,169
a Carey Cadillac,PERSON,169
Fleming,ORG,169
Thrilling Cities,PERSON,169
Fleming,ORG,169
the ACSM Health Journal,ORG,170
the Tour de France,ORG,170
Katarina General Guide,ORG,171
Persion Katarina,PERSON,171
the Sinister Blade,PERSON,171
Katarina,ORG,171
AP,ORG,171
Katarina,ORG,171
Katarina,PRODUCT,171
Katarina,PRODUCT,171
Katarina,ORG,171
Katarina,ORG,171
"Pros / Cons
Pros",ORG,171
AP Carry,ORG,171
AP,ORG,171
Magic Resist,PRODUCT,171
Septic Tank Contractor in Tavares,ORG,172
American Septic Inc,ORG,172
Tavares,GPE,172
"Keeping Septic Systems Running
Take",ORG,172
Thunder’s,ORG,173
Robert Johnson’s Tombstone,PERSON,173
UK,GPE,173
UK,GPE,173
2 European Tours,ORG,173
the Monsters of Rock Festival,ORG,173
Milton Keynes,PERSON,173
Thunder Go Mad In Japan,WORK_OF_ART,173
Japan,GPE,173
Harry,PERSON,173
Ian Gillan,PERSON,173
the Teenage Cancer Trust,ORG,173
Thunder,GPE,173
Robert Johnson’s Tombstone,PERSON,173
Milan,GPE,174
AR,ORG,174
AI,GPE,174
Software,ORG,174
Hardware,ORG,174
Augmented Reality,ORG,174
"Computer Virus
Antivirus",ORG,176
"Robson Suites
Robson Suites",PERSON,177
BC,ORG,177
"Robson Suites
Free",PERSON,177
Vancouver,GPE,177
Free Wi-Fi,PERSON,177
iPod,ORG,177
Robson Suites,PERSON,177
Stanley Park Pitch,PERSON,177
Putt,ORG,177
Vancouver Convention Centre,ORG,177
Robson Suites,PERSON,177
Walters,ORG,178
Portland,GPE,178
Heart,ORG,178
Emily Conradson,PERSON,178
Cricut Explore,WORK_OF_ART,179
"Tennyson (Tink) Jenkins
Wildomar",ORG,180
California,GPE,180
Fullerton College,ORG,180
Pearl Harbor,GPE,180
RMS,ORG,180
NRL,ORG,180
Washington,GPE,180
D.C.,GPE,180
Wright,PERSON,180
Business Chairperson,PERSON,180
Katinkaland,GPE,180
The Perfect Moment,WORK_OF_ART,180
Alpha,PERSON,180
Omega,ORG,180
"Creative Mind
Omnipotent",PERSON,180
Special Operations,ORG,181
Breach,GPE,181
Clear,ORG,181
the PlayStation Vita,PRODUCT,181
Clear,ORG,181
Breach,PERSON,181
the Army Special Forces,ORG,181
Spetznaz,PERSON,181
El Salvador,GPE,182
Carlos Marroquin,PERSON,182
the USAID Program,ORG,182
Improve Access to Employment,ORG,182
El Salvador,GPE,182
USAID’s Program,ORG,182
Improve Access to Employment,ORG,182
CARANA,ORG,182
Program Communications,ORG,182
Carlos Marroquin’s,PERSON,182
Dorota,PERSON,184
Sainsburys,ORG,184
William,PERSON,184
Esther,PERSON,184
William,PERSON,184
William’s,PERSON,184
William,PERSON,184
Esther,PERSON,184
Louise,PERSON,184
Tim Barry,PERSON,185
Birth Place,PERSON,185
Richmond,GPE,185
Virginia,GPE,185
Years Active,EVENT,185
Genres,PERSON,185
Genres,PERSON,185
Tim Barry,PERSON,185
Washington D.C.,GPE,185
Barry,PERSON,185
Avail,PERSON,185
Barry,PERSON,185
Reston,GPE,185
Barry,PERSON,185
Barry,PERSON,185
Avail,PERSON,185
Barry,PERSON,185
Richmond,GPE,185
Virginia,GPE,185
Tim Barry,PERSON,185
the Debt Free Living,ORG,186
Morbid,PERSON,187
Lisa,PERSON,187
F-I-N-A-L-L-Y,PRODUCT,188
Moon,PERSON,188
Ahhhhhhhhhhhhhh,PERSON,188
Serena,PERSON,188
Usagi,ORG,188
Tuxedo Mask,PERSON,188
Marissa Meyer's,PERSON,188
Sailor Moon,PERSON,188
ePrograms,ORG,189
Natalie’s Conquer Club,ORG,189
"Stepper and Servo Drives, Motors",WORK_OF_ART,190
"Controls
News Release",ORG,190
Lenze,GPE,190
the Engineeringtalk Editorial Team,ORG,190
TTP,ORG,190
Labtech,ORG,190
Lenze,GPE,190
Brake,ORG,190
Margarita Engle’s Tropical Secrets,ORG,191
Myra,PERSON,191
Novel,ORG,191
Nazi Germany,GPE,191
Zusak’s The Book Thief,ORG,191
Tropical Secrets,ORG,191
David vs Goliath,PERSON,192
Intel,ORG,192
Motorola,ORG,192
RAW vs JPEG,ORG,192
Nikon F90X,ORG,192
Nikon,ORG,192
D80,PRODUCT,192
Nikkor,ORG,192
VR,WORK_OF_ART,192
D80,ORG,192
ISO1600,GPE,192
D80,ORG,192
Salem,GPE,193
Utah,GPE,193
United States,GPE,193
Canada,GPE,193
United Kingdom,GPE,193
Australia,GPE,193
Japan,GPE,193
South Korea,GPE,193
Indonesia,GPE,193
South africa,GPE,193
Hong Kong,GPE,193
Bahamas,GPE,193
Israel,GPE,193
New Zealand,GPE,193
Singapore,GPE,193
Switzerland,GPE,193
Norway,GPE,193
Saudi arabia,GPE,193
Ukraine,GPE,193
United arab,GPE,193
Qatar,GPE,193
"mkiii
- Country/Region",PERSON,193
Germany,GPE,193
Indre,PERSON,194
Loire Valley,GPE,194
the Centre-Loire Valley region,ORG,194
France,GPE,194
Tours,ORG,194
Abilly,ORG,194
Paris,GPE,194
La Roche-Posay,ORG,194
France,GPE,194
Abilly,ORG,194
Centre-Loire Valley,ORG,194
Indre,PERSON,194
"Abilly
Markets",WORK_OF_ART,194
Beechmont Ave,PERSON,195
Suite,PERSON,195
Cincinnati,GPE,195
Ohio,GPE,195
Ohio,GPE,195
the Scotsman Guide and Mortgage Executive Magazine,ORG,195
Miami,GPE,195
Ohio,GPE,195
Cincinnati,GPE,195
Patricia,PERSON,195
Texas,GPE,196
The United States Immigration and,ORG,196
Customs Enforcement,ORG,196
Mexico,GPE,196
PORTLAND,ORG,197
Ore.,GPE,197
AP,ORG,197
Portland,GPE,197
CJ McCollum,ORG,197
Portland,GPE,197
the Western Conference,ORG,197
Blazers,ORG,197
Dallas,GPE,197
Rookie Dillon Brooks,PERSON,197
Memphis,GPE,197
Brooks,PERSON,197
Brooks,PERSON,197
Oregon,GPE,197
Portland,GPE,197
Brooks’,ORG,197
Stotts,PERSON,197
Marquis Teague’s,PERSON,197
the Hill Stole Millions,ORG,198
Elderly,GPE,198
U.S.,GPE,198
St. Louis Funeral Scam,ORG,198
Plead Guilty,PERSON,198
Driver,PERSON,198
Princeton Partnership LLC,ORG,198
Princeton Partnership,ORG,198
Dave Coulier below ↓,PERSON,199
Dave Coulier,PERSON,199
Detroit,GPE,199
Michigan,GPE,199
USA,GPE,199
Jayne Modean,PERSON,199
Luc Coulier,PERSON,199
Melissa Bring,PERSON,199
Dave Coulier,PERSON,199
Dave Coulier,PERSON,199
Arlen Coulier,PERSON,199
Dave Coulier’s,PERSON,199
David Alan Coulier,PERSON,199
Harper Woods,PERSON,199
CelebsCouples,ORG,199
Dave Coulier,PERSON,199
Melissa Bring,PERSON,199
Dave Coulier’s,PERSON,199
CelebsMoney,ORG,199
NetWorthStatus,ORG,199
Dave Coulier’s zodiac,PERSON,199
"Virgo
Dave Coulier",ORG,199
