id,doc_id,question,answer
0,0,What is the Berry Export Summary 2028 and what is its purpose?,"The Berry Export Summary 2028 is a dedicated export plan for the Australian strawberry, raspberry, and blackberry industries. It maps the sectors’ current position, where they want to be, high-opportunity markets, and next steps. The purpose of this plan is to grow their global presence over the next 10 years."
1,1,What are some of the benefits reported from having access to Self-supply water sources?,"Benefits reported from having access to Self-supply water sources include convenience, less time spent for fetching water and access to more and better quality water. In some areas, Self-supply sources offer important added values such as water for productive use, income generation, family safety and improved food security."
2,2,What are the unique features of the Coolands for Twitter app?,"The unique features of the Coolands for Twitter app include Real-Time updates without the need for a refresh button, Avatar Indicator which shows small avatars on the title bar for new messages, Direct Link for intuitive and convenient link opening, Smart Bookmark to easily return to previous reading position, and User Level Notification which allows customized notification settings for different users."
3,3,What is the main difference between the National Sample Survey (NSS) and the India Human Development Survey (IHDS) in terms of measuring India's inequality?,"The main difference between the NSS and the IHDS in terms of measuring India's inequality is that the NSS focused on consumption, that is, how much people actually consume, while the IHDS is based on income. The NSS was showing consistently lower rates of growth and higher poverty, while the IHDS revealed a higher level of inequality, similar to Latin American countries."
4,4,How did Gunnar Nelson win the fight against Zak Cummings at UFC Fight Night 46?,"Gunnar Nelson won the fight against Zak Cummings at UFC Fight Night 46 by taking his opponent to the mat, seizing his back and locking in a rear-naked choke, forcing Cummings to tap with only twelve seconds of the second round remaining."
5,5,What are some of the features of Fabiana Filippi's shirts and blouses?,"Fabiana Filippi's shirts and blouses are easily matched to different shapes, fabrics and colours. They are made from silk and cotton, and come in classic, slim and over cuts, in ultra-modern style. They are available in different lengths up to maxi lines, and come in men’s cut, Korean, V, round necks. They are suitable to wear during the day and at night."
6,6,How did Dan Foley feel about his portrayal on the Survivor TV show?,"Dan Foley expressed his frustration about his portrayal on the Survivor TV show, stating that he was portrayed negatively and was surprised at how vitriolic the viewer response has been."
7,7,What is the lunch that Kim and Tony plan to have on Monday according to the context?,The New York Times’ Green Garlic Tabbouleh.
8,8,What is the reason for the closure of the comments section?,The comments section was shut down because the spam was getting out of control.
9,9,What are the five love and relationship podcasts mentioned in the context?,"The five love and relationship podcasts mentioned in the context are ""Love Is Like A Plant"" with Sarah May Bates and Ellen Huerta, ""Relationships! Let’s Talk About It"" with Pripo Teplitsky, ""Unqualified"" with Anna Faris, ""Confessions of a Terrible Husband"" with Nick Pavlidis, and ""Savage Lovecast"" with Dan Savage."
10,10,Which two teams dropped out of the Primal Quest Utah race and what were their reasons for doing so?,"The two teams that dropped out of the Primal Quest Utah race were Team Utah and Team xxTreme US. Team Utah quit due to blisters and exhaustion, while Team xxTreme US, which was largely comprised of Navy SEALs, had to withdraw due to injury."
11,11,What does the word 'quantum' mean as per the context?,"The word 'quantum' means a quantity or amount, a portion, a large amount, or the smallest amount of something that can exist independently."
12,12,What is the purpose of the TRUGLO Picatinny Riser Mount?,The TRUGLO Picatinny Riser Mount is great for raising your red dot sight 1/2″ to be at the proper height for an ideal cheek weld.
13,13,What is the cost for credit union attendees under $35 million in assets to attend the conference?,The cost for credit union attendees under $35 million in assets to attend the conference is $495.
14,14,What was the goal of the purge of training material regarding Islamic terrorism from law enforcement training under President Barack Obama's administration?,The goal was to banish any material that could be viewed as offensive to Muslims.
15,15,Who is the author of the book Kapow!?,The author of the book Kapow! is Adam Thirlwell.
16,16,What are some of the names Morganite is also known as?,Morganite is also known as 'pink emerald' and 'rose beryl'.
17,17,What is the purpose of recycling concrete in construction?,"Recycling concrete in construction helps in reutilizing the construction waste into new concrete, preserving landfill space, and reducing construction costs."
18,18,What are some features of the Womens Drew Argo Black Smooth Leather sandal?,"The Womens Drew Argo Black Smooth Leather sandal features an adjustable strap, smooth uppers, a double depth thick removable cork footbed with memory foam, a tempered steel shank, and a broad, oblique toe shape."
19,19,What are some of the benefits of joining the SPJ Austin Student Chapter?,"Joining the SPJ Austin Student Chapter gives students opportunities to deepen their journalistic knowledge outside of the classroom, connect with professionals in the industry, and attend various events."
20,20,What are some of the guidelines for disciplining a teenager?,"Some guidelines for disciplining a teenager include making expectations and rules clear, setting limits, not making rules arbitrarily, understanding that teenagers will mature through trial and error, rewarding constructive behavior, being a role model, being compassionate and patient during discussions, withdrawing privileges as a form of punishment without over-punishing, never using physical or mental torture, not giving in to tantrums or loud behavior, and not allowing guilt to cloud judgment. It's also important to remember that teenagers test the limits and to be compassionate and empathetic, remembering what it was like to be a teenager."
21,21,What is the purpose of the Virginia Environmental Education Certification program?,"The Virginia Environmental Education Certification program sets a statewide standard for exemplary environmental education practice, encourages exploration of environmental education resources, and promotes professional growth. It is relevant for anyone who educates about an aspect of the environment, would like to strengthen their environmental or pedagogical expertise, and is passionate about professionalism in environmental education."
22,22,Who administers the World Heritage List where the Ancient Ohio Earthworks are being nominated?,"The United Nations Educational, Scientific, and Cultural Organization (UNESCO) administers the World Heritage List."
23,23,When did Pope Benedict XVI announce his resignation?,"Pope Benedict XVI announced his resignation on February 11, 2013."
24,24,"What is the license under which ""Fat and Not Afraid"" by JeninCanada is licensed?","""Fat and Not Afraid"" by JeninCanada is licensed under a Creative Commons Attribution-NonCommercial-ShareAlike 3.0 Unported License."
25,25,Who is the designer of this year's Southern Living Idea House?,Bunny Williams.
26,26,When was the new village hall opened after a 15-year fundraising drive?,The new village hall was opened in 2008.
27,27,Who is the CEO of Franklin Templeton Investments?,The CEO of Franklin Templeton Investments is Gregory Johnson.
28,28,Can PXI-8512 modules be used to send and receive data with CAN protocol between two PXI 8880 controllers?,"Yes, you can use CAN to share data between your controllers."
29,29,What is the main conflict in the third book of the Arcana Chronicles by Kresley Cole?,"The main conflict in the third book of the Arcana Chronicles by Kresley Cole is that Evie has to save Jack who is threatened by two of the most horrific Arcana, The Lovers. To defeat them, Evie, Jack, and Death might have to ally, which could lead to internal conflicts."
30,30,"Who is the soprano featured in duets with Roberto Alagna in the album ""My Life Is An Opera""?","The soprano featured in duets with Roberto Alagna in the album ""My Life Is An Opera"" is Aleksandra Kurzak."
31,31,What are the features of the STEM Teacher’s Toolkits provided by CSD Learns?,"The STEM Teacher’s Toolkits provided by CSD Learns are easy to implement online or in-person, feature deaf and hard of hearing role models, and provide several weeks’ worth of lessons in ASL. Each free toolkit has videos, interactive activities, quizzes and more."
32,32,Who granted the team access for the photoshoot at Blenheim Palace?,"His Grace, The Duke of Marlborough granted the team access for the photoshoot at Blenheim Palace."
33,33,"Who are the characters in Wuthering Heights that display a ""diseased mind"" and a ""diseased body""?","The characters in Wuthering Heights that display a ""diseased mind"" are Heathcliff and Catherine. Heathcliff's mind is ""diseased"" due to his heartbreak and suffering from not being able to be with Catherine, which leads him to seek revenge. Catherine's mind is also ""diseased"" due to her overwhelming love for Heathcliff and the societal pressures that prevent them from being together. The characters that represent the ""diseased body"" are Catherine, due to her mental suffering being closely linked with her physical suffering, and Isabella, whose body is bruised due to abuse from Heathcliff."
34,34,What are the 5 ways to make your Mum's day special according to the context?,"The 5 ways to make your Mum's day special are: 1. Spend quality time with her and have a good old chat. 2. Go on a road trip together. 3. Make her a homemade gift such as a card, art piece, poem, story, movie, photo collage, or a playlist of her favorite songs. 4. Do something you love with your Mum like dance, yoga, art, cycling. 5. Tell her you love her, appreciate all she has done for you and that you value her wisdom."
35,35,What are Dr. Zgarrick's research interests?,"Dr. Zgarrick's research interests are in pharmacist workforce issues, professional service development, and the use of evidence-based medicine by pharmacists."
36,36,What did Barbara Coombs Lee suggest to help more people die in peace?,Barbara Coombs Lee suggested that to help more people die in peace we need to “redefine the standard of care at end of life.”
37,37,What sequence of events led to the tragedy in a Chili's parking lot in Florida?,"The sequence of events began when Henry Brown hid in his estranged wife's trunk until she left the restaurant. Upon leaving the restaurant, Chericia was attacked and stabbed multiple times by Henry. After the attack, Henry changed vehicles and picked up his two children from the babysitter. He then headed to Central Florida Regional Hospital in search of his wife, and opened fire on law enforcement and security personnel in an attempt to flee. He was later discovered by police near the Seminole-Volusia county line. Upon closing in to arrest him, they found him as well as his two children dead inside. Investigators believe Brown killed his children at some point after picking them up, then committed suicide while police prepared to apprehend him. Chericia died at the hospital from her injuries."
38,38,What are the main sources of Berlin's total 1992 budget?,"Berlin's total 1992 budget comes from 38 percent in subsidies from the German government, 13 percent through new borrowing, and 26 percent through taxes."
39,39,"What was the subject of the program given by Suffolk University Law School’s Intellectual Property section on Monday, February 04, 2019?","The subject of the program given by Suffolk University Law School’s Intellectual Property section was the public domain, in celebration of the fact that, for the first time in 20 years, works have started to age out of copyright coverage."
40,40,What are some strategies to improve the efficiency and effectiveness of a call center staff?,"Some strategies include ensuring customer service representatives understand the products or services they are discussing, creating templatized responses for popular questions, considering an automated answering service, and trying a virtual answering service."
41,41,What is the author planning to reveal on November 2nd for her novel The Newstead Project?,"The author is planning to reveal the cover of her novel The Newstead Project, the book trailer, and swag."
42,42,"What is a ""foster failure"" in the context of animal rescue?","A ""foster failure"" in the context of animal rescue refers to when animal rescuers end up adopting a dog they initially planned to house on a temporary basis."
43,43,What are some of the criticisms mentioned about providing iPads to MPs in the House of Commons?,"The criticisms include the high cost of iPads, their unsuitability as office equipment due to the lack of a physical keyboard, limited battery life, lack of support for flash, inability to make phone calls or take pictures, and the need to sync media files through iTunes. It is also mentioned that the most affordable model only has WiFi and that the iPads would not improve productivity or save paper as intended. The text also criticizes the decision as a waste of taxpayers' money."
44,44,Where does Thomas Kosmala source his ingredients for his fragrances?,"Thomas Kosmala sources his ingredients from all over the world, however they are processed at his factory in France."
45,45,What is the impact of sleep disturbances on the biological aging of postmenopausal women according to a study?,"According to the study, postmenopausal women with 5 insomnia symptoms were nearly 2 years older biologically than similar women with no insomnia symptoms. The more insomnia symptoms, the greater the effect. However, sleeping only 6 hours a night doesn't seem to increase the epigenetic age if the sleep is restful."
46,46,What are some of the benefits of becoming a Friend of the theatre?,"Some of the benefits of becoming a Friend of the theatre include great ticket savings, priority booking, access to a Friends Hotline, and invitations to special events. Additionally, Friends make a direct charitable contribution to community, education and artistic programmes through Hippodrome Projects."
47,47,"What is the original phrase that was later changed to ""life, liberty, and the pursuit of happiness""?","The original phrase was ""life, liberty, and the pursuit of property."""
48,48,What are some of the recommended dishes at the Dinner Bell at the Wildcatter?,"The recommended dishes at the Dinner Bell at the Wildcatter include steaks, eggrolls, and the blueberry crisp."
49,49,Why does Mauricio Pochettino say he could never coach Barcelona?,Mauricio Pochettino says he could never coach Barcelona because he would feel like a traitor to himself and he believes in remaining true to his own values.
50,50,Who was let go after not responding to an email offering to extend his employment?,Nicholas Allegra.
51,51,What are some features of the Web-tex Northern Ireland Gloves?,"The Web-tex Northern Ireland Gloves are black leather gloves with features such as padded knuckles, knitted cuffs with lining, and are made to military specification. They also have a leather outer and are available in various sizes."
52,52,Who was Aaron Pryor's manager during his boxing career?,"Aaron Pryor's manager was Buddy LaRosa, founder of LaRosa's Pizzeria."
53,53,What are the three main parts of Quality SEO?,"The three main parts of Quality SEO are Structural Optimization, Content Creation, and Link Building."
54,54,What was the purpose of the study conducted by J.L. Hamby in 1995?,The purpose of the study was to compare the Applied Biology/Chemistry (ABC) curriculum taught using the cooperative learning method with the traditional biology curriculum taught using more typical instruction by means of student scores on a standardized biology test and science attitude survey.
55,55,What is suggested as a way to show sisterly love and connection in a unique and stylish manner?,Getting matching tattoos is suggested as a unique and stylish way to show sisterly love and connection.
56,56,What does the name Madigan mean in Irish?,Madigan means “small dog” in Irish.
57,57,What is the author's opinion on the actions of PFC Bradley Manning and Edward Snowden?,"The author does not agree with what Manning and Snowden did in revealing classified information. However, the author respects individuals who act on their convictions despite knowing the consequences. The author believes that Manning, by facing court-martial, may do more to further his views than Snowden, who is trying to avoid the consequences of his actions."
58,58,What was the percentage of income earned by the top 1 percent of Americans in 2007 according to Sanders' claim?,The top 1 percent of all income earners in the United States made 23.5 percent of all income in 2007 according to Sanders' claim.
59,59,What are the four phenomenological constants described by Schön that could form a matrix for reflective practice within interdisciplinary research contexts?,"The four phenomenological constants are: The media, languages, and repertoires that practitioners use to describe reality and conduct experiments; The appreciative systems they bring to problem setting, to the evaluation of inquiry, and to reflective conversation; The overarching theories by which they make sense of phenomena; The role frames within which they set their tasks and through which they bound their institutional settings."
60,60,What does the Advent wreath and its components symbolize in Christian tradition?,"The circle of the Advent wreath, which has no beginning or end, symbolizes the eternity of God. The evergreen base represents God as the foundation of all good, with green symbolizing hope and new life. The four candles represent the four weeks of Advent, with the first two purple candles symbolizing Hope and Love, the third pink candle symbolizing Joy, and the fourth purple candle representing Peace. The light of the candles signifies the light of Christ to mankind."
61,61,Who claimed responsibility for the killing of a father-son duo allegedly for spying?,Anti-talk ULFA which is also known as ULFA (Independent) claimed responsibility for the incident.
62,62,Who is the most followed person on Instagram according to the context?,Selena Gomez is the most followed person on Instagram.
63,63,Who is Karen Stintz and what position is she aiming for in Toronto's municipal government?,"Karen Stintz is a three-term municipal politician representing Eglinton-Lawrence, and chair of the Toronto Transit Commission (TTC). She is aiming for the position of Mayor of Toronto."
64,64,How did the person hang the background paper in the garage?,"The person used C clamps to attach the background paper to the top of the garage door. They used an old bar to hold the roll of paper and the ""c"" part of the two C clamps. Later, they built a piece of wood with holes in it, hung the rolls on a length of PVC pipe, and capped the end. The setup was still held on by C Clamps."
65,65,What did the woman name her baby to compensate for the lack of royalty?,She named the baby Elvis.
66,66,What is the routine of an Early Intervention Specialist/Service Coordinator for babies with developmental delays and/or disorders?,"The routine of an Early Intervention Specialist/Service Coordinator involves receiving a referral from a family, pediatrician, or hospital, usually concerning a developmental issue like speech/language. They call the family, explain the program, gather the child's birth/medical history, and understand the parent's specific concerns. They then discuss the child's behavior and hearing abilities, and explain the importance of a formal hearing exam. They also discuss language development expectations for the child's age. Based on the concerns, they schedule evaluations with a speech therapist and a developmental specialist. They coordinate with several people to find the best time for the evaluation, considering the child's nap schedules, feeding times, and parents' work schedule. They also provide the family with other resources if necessary, such as potty training suggestions, pediatrician recommendations, daycare or childcare options, and help with insurance coverage."
67,67,What was the first job Edwin Koo landed in his professional career?,"Edwin Koo's first job in his professional career was as a photojournalist in local newspapers Streats, and then The Straits Times."
68,68,"What does inclusive growth mean according to Montek Singh Ahluwalia, Deputy Chairman, Planning Commission?","According to Montek Singh Ahluwalia, inclusive growth means much more than poverty reduction. It should factor in issues of equity, both inter-generational and between rich and poor, regional inequities and the needs of minorities."
69,69,"What violation did Iglesia Cristiana Ebenezer of Greenville, TX, licensee of Station KYLP-LP, commit according to the Notice of Apparent Liability for Forfeiture and Order?","Iglesia Cristiana Ebenezer of Greenville, TX, licensee of Station KYLP-LP, violated Section 11.35(a) of the Commission's rules by failing to install Emergency Alert System (EAS) equipment and maintain EAS logs."
70,70,What is the main concern of the individual in the context about their job title?,"The main concern of the individual is that they are labeled as an ""A"" while everyone else is a ""B"". They believe this is due to their lack of participation in meetings and their social anxiety. They worry that one day they might confront their manager about this difference in job title."
71,71,What is the maximum cash offer that the car wreckers in Roleystone can provide for junk cars?,"The maximum cash offer that the car wreckers in Roleystone can provide for junk cars is up to $9,999."
72,72,What was the innovative approach of AUNE's Department of Clinical Psychology when it was launched thirty years ago?,"The innovative approach of AUNE's Department of Clinical Psychology was to educate psychologists as practitioner-scholars, well-rounded clinicians with a broad range of skills and competencies who would be integrated into their communities. This ran counter to the typical doctoral program of the day which trained people in narrow research areas, with an academic rather than practical focus. It put AUNE at the leading edge of an emerging Doctor of Psychology (PsyD) movement which emphasized preparing graduates for clinical practice as a primary focus."
73,73,What are some of the features of the Doro PhoneEasy 618?,"The Doro PhoneEasy 618 has an In Case of Emergency menu where you can list personal and medical information, a LED light that can be used as a flashlight, an FM radio, and a 3.2-megapixel camera with auto-focus, LED flash, and digital zoom. It also allows for text messaging, though the process is a bit cumbersome. However, it lacks the ability to record video and share photos online."
74,74,What are some of the features of the Vegan Oriental Dishes cookbook?,"The Vegan Oriental Dishes cookbook contains 150 healthy oriental dishes including Stir-Fry Dishes, Korean Dishes, Chinese Dishes, Thai Dishes, Japanese Dishes, and Filipino Dishes. It is Cholesterol-Free, High in Fiber, High in Omega-3, and High in Soy. The cookbook contains No Eggs, No Dairy, No MSG and No Animal Products. It also provides simple and easy recipes that use healthy ingredients."
75,75,"What is the main theme of the book ""The Healing Power of the Sacred Woman""?","The main theme of the book ""The Healing Power of the Sacred Woman"" is to remind women to reconnect to the potent and creative energy of Mother Earth, which gives power to the intuitive voice of the heart and nurtures new seeds of inspiration and enlightenment through the womb. It emphasizes that a woman's purpose is to give birth not only to new life but also to new levels of consciousness."
76,76,Who has granted a 5 year lease on the C.S.M. Memorial Ground to the rugby club?,The Camborne School of Mines Trustees have granted a 5 year lease on the C.S.M. Memorial Ground to the rugby club.
77,77,What is the advice given to hosts who serve alcohol at their parties according to the New York Insurance Association?,The New York Insurance Association advises hosts who serve alcohol to take steps to limit their liquor liability and make sure they have the proper insurance. They also need to be particularly careful as they can be held legally responsible for their guests' actions after they leave the party.
78,78,"What is the concern of the husband of the person who wrote the message on July 10, 2011?",The husband is very concerned about the possible health hazard posed by smart meter.
79,79,When and where was UFC 142 held?,UFC 142 was held in Brazil on Jan. 14.
80,80,What is the philosophy that Texan stores live by?,"The philosophy that Texan stores live by is about Giving, Inspiring and Growing."
81,81,What were the key findings of the research published in the online journal Scientific Reports regarding recreational drugs?,"The key findings of the research published in the online journal Scientific Reports were that marijuana is far safer than alcohol, with alcohol being the most dangerous of the group and 114 times more deadly than marijuana. The study also suggested that the ill effects of cannabis may have been overestimated in the past, while dangers linked to alcohol have been commonly underestimated."
82,82,Who owned the land where the Bell and Gemmell tannery was located?,The land where the Bell and Gemmell tannery was located was owned by John Buchanan.
83,83,What were the responsibilities of the dons in the residence?,"The dons were upper-year students who lived in residence as well. They were there to deal with problems that arose after the residence staff left for the day. They had keys to all the houses and the residence offices in case someone lost theirs. They had first aid training in case of medical emergencies and they had some counseling training to help students deal with the inevitable conflicts that come from young people living together. If a student had a problem, whether it was with school or with someone they lived with, they could go and see their don. If the dons couldn't help, they could point the student in the direction of someone who could."
84,84,What items does the person carry in her purse for her toddler?,"The person carries snacks, Honest Diapers, a grocery bag, water, lip balm, hair ties, sunglasses, travel size Honest Wipes, antibacterial spray, a travel bib, and bright lipstick in her purse for her toddler."
85,85,What is the two-step secret to making money on Ebay according to the context?,"The two-step secret to making money on Ebay is to first waste your money on a lot of things that you don't really need and then a year later, sell those things on Ebay."
86,86,What are some of the functions of barstools counter stools on sale ivory swivel mentioned in the context?,"The barstools counter stools on sale ivory swivel serve as a place for feet, a place to sit, a coffee table, a cocktail table, a table at the corner of the room, and a place to store goods."
87,87,Who provided a safe place for the displaced residents after the fire disaster at the Whittier Co-op apartment building in Minneapolis?,Matt Gresham and other members of the Calvary Church provided a safe place for the displaced residents after the fire disaster.
88,88,Who is the executive producer of the Angel & Faith Season Ten comic book series?,Joss Whedon is the executive producer of the Angel & Faith Season Ten comic book series.
89,89,What strategy did General Electric use to connect with consumers through Vine?,"General Electric used a number of corporate campaigns to humanize their brand. They used visuals, color, depth and motion to make science fun, which helped illustrate company culture and made it easier for consumers to connect with the company."
90,90,What are some of the main ingredients used in the composition of lip gloss?,"Some main materials used in every type of lip gloss include emollients like jojoba oil, coconut oil, and vitamin E, or synthetic oils. Another essential component in lip gloss is thickeners like clays and waxes, which can be either natural or synthetic. Lip gloss also contains coloring agents, which can be either natural materials like fruit extracts or chemical dyes. Glittery lip gloss products even depend on ingredients like mica and iron oxide. Other ingredients can include sunscreen for UV products, sweeteners for flavored lip gloss, and paraben-based preservatives to help them stay fresh for longer."
91,91,What are some of the places where you can get excellent pork belly in Koreatown?,"Some of the places where you can get excellent pork belly in Koreatown include O Dae San, Jun Won, Honey Pig, Don Dae Gam, Dwit Gol Mok, and Dan Sung Sa."
92,92,What improvements were observed in the adolescent with ASD after the administration of the 'Mirtazapine-Galantamine cocktail'?,"The 'Mirtazapine-Galantamine cocktail' brought about a significant improvement in the behavioral domains of the adolescent with ASD. Sleep improved markedly, irritability diminished significantly, sexual behaviors were greatly tamed, and both frequency and severity of aggression became obviously less. Additionally, hyperactivity noticeably decreased, better eye contact, vocalizations, gestures and social relatedness were observed."
93,93,What are the key areas of responsibility for METRO SUSTAINABLE in supporting the United Nations Sustainable Development Goals (SDGs)?,"The key areas of responsibility for METRO SUSTAINABLE in supporting the United Nations Sustainable Development Goals (SDGs) are (Empower) People, (Secure) Planet, (Unfold) Prosperity and (Enhance) Partnerships. They are most directly involved in the goals 2 (Zero Hunger), 8 (Decent Work and Economic Growth), 12 (Responsible Consumption and Production), 13 (Climate Action) and 17 (Partnerships for the Goals)."
94,94,What are some of the programs that EATS offers where one can volunteer?,"Some of the programs that EATS offers where one can volunteer include Cooking Classes, School Gardens, Events, and Consultation."
95,95,"Who is the main character in Fox's new crime drama, The Following, and what is his background?","The main character in Fox's new crime drama, The Following, is Ryan Hardy, a mostly disgraced FBI agent turned true crime author. In a former life, Hardy single-handedly took down the season’s notorious serial killer, Joe Carroll, but now spends most of his time drinking and scowling. When Carroll escapes from prison, the FBI puts Hardy back into action as the one man who knows Carroll above all."
96,96,What are the steps to apply for a real estate license through eAccessNY?,"The steps to apply for a real estate license through eAccessNY are: 1) Log in to your eAccessNY account and click on ""Apply for Initial Salesperson License (qualifying by Exam only)"", which is located on the Main Menu page. 2) Click ""Next Step"" to continue. 3) Enter your details and click ""Next Step"" to continue. 4) Enter your sponsoring broker's license number (UID#). 5) Find the correct broker license that matches the company name and address. Select that office by clicking on the circle in front of the desired office and address. Then click ""Next Step"" to continue. 6) Enter all required information and click ""Next Step"" to continue. 7) Enter the name of the school where you completed the 75-hour NYS real estate salespersons course by using the drop-down menu, and enter your completion date for the course. Then click ""Next Step"" to continue. 8) Affirm the application by clicking the ""I Agree"" box at the bottom of the page and click ""Next Step"" to continue. 9) Enter your credit card details and click ""Submit"". 10) Print the ""Summary of Your Submission"" page. 11) Click 'Return to Main Menu"". Once your application is submitted, your sponsoring broker will have to log in to their own eAccessNY account and authorize your application."
97,97,What are some trendy short hairstyles for fall?,"Some trendy short hairstyles for fall include a short bob for women with curly hair, a short straight hairstyle that suits many face shapes, a light blonde pixie haircut, a classic bob haircut, a straight short bob with the same length, a playful layered razor cut, a casual short hairstyle, a trendy short pixie hairstyle, a short pixie mohawk, a razor cut mingled with a clipper cut, an asymmetrical layered cut, and a simple pixie hairstyle."
98,98,What changes are being made to the storage AM according to Haribabu Kommi's email?,"Haribabu Kommi is making several changes to the storage AM. These include adding support for the storage method to create as part of create access method syntax, adding necessary storage AM API hooks to support pluggable storage API, adding the storageAm routine pointer to relation structure, moving tuple visibility functions into heap storage AM, adding slot specific storage AM routine pointer to slot structure, adding write support functionality to storage AM, and adding all scan supported functions to storage AM. He also mentions that this patch may need further changes as it assumes the tuple is in HeapTuple format in some APIs."
99,99,What does the registration for WindyCityRails 2015 include?,"The registration for WindyCityRails 2015 includes access to all sessions, plus continental breakfast, lunch, and snacks on both days."
100,100,How did Ross and Kacy's relationship evolve over time?,"Ross and Kacy first met at work and were attracted to each other, but they remained friends for about three years. They spent time together playing volleyball, taking trips, talking on the phone, and hanging out with mutual friends. Ross moved to south Florida for work, but they continued to speak every month. During this time, both of them grew closer to God. They reconnected in March 2012 and realized that they were meant to be together. Ross proposed to Kacy over the holidays and they planned to have a short engagement."
101,101,"What are some of the careers that graduates from the School of Communications, Media, Arts and Design have achieved?","Graduates from the School of Communications, Media, Arts and Design have achieved careers in their field, including delivering news content, making headlines for their great work, hosting their own shows, interviewing A-list celebrities, co-hosting big events, working as TV news reporters and news anchors."
102,102,What was Émile Talbot's area of specialization and what languages could he read?,"Émile Talbot's areas of specialization included Québec literature, especially poetry and fiction, nineteenth- and early twentieth-century French literature, especially Stendhal; lyric poetry; the history of aesthetic and critical theory; and French intellectual history. He could read Italian, Spanish, German, Medieval Latin, Portuguese, and Classical Greek."
103,103,What is the ideal range of carbon content in steel for sword making?,"The ideal range of carbon content in steel for sword making is around .6 percent. This can vary a bit, from .5 percent to as much as 1 percent carbon in the steel. This percentage change can depend on whether the steel has other elements included such as vanadium, manganese, or chromium."
104,104,What are some of the popular student organizations at UW Whitewater?,"Some of the popular student organizations at UW Whitewater include Pan Hellenic Council, Sigma Alpha Lambda (Academic Honors), Cru (Faith-Related Organization) and National Society of Leadership and Success."
105,105,"What are the ingredients needed to bake Rieska, the Finnish bread?","The ingredients needed to bake Rieska are 1/2 cup old fashioned rolled oats, 1 cup dark or light rye flour, or pumpernickel flour, 1 cup unbleached all-purpose flour, 2 teaspoons baking powder, 1/2 teaspoon baking soda, 1 teaspoon salt, 2 tablespoons sugar, 4 tablespoons unsalted butter, and 1 1/2 cups buttermilk."
106,106,What was the one condition Mitch Hurwitz imposed on watching the new season of Arrested Development?,You gotta watch them in order.
107,107,What is the term used to describe roleplaying as a babyfur character?,"The term used to describe roleplaying as a babyfur character is ""Cubbing Out""."
108,108,What was the solution to transfer the group ownership from the original creator to the company?,"The original group creator logged in and changed her name to the company's name, changed her picture and email and password to the company's also. She then opened a new account for her personal use."
109,109,What is the unique plant that Langela found in the nursery?,"The unique plant that Langela found in the nursery is called Dognip, also referred to as the dognip variety Genus Golden Labradoris."
110,110,Why is the Fairport Public Library moving to a new location?,"The Fairport Public Library is moving to a new location because its current home is undergoing renovations that were approved by voters. These renovations include new entrances, better lighting, new carpeting, and changes that will allow roomier space for programs."
111,111,What amenities are available at the Pinnacle Point Golf Estate accommodation?,"The Pinnacle Point Golf Estate accommodation offers amenities such as Wi-Fi, a swimming pool, a Braai/Barbecue, and on-site parking."
112,112,What is the battery life of the Y70 according to the MobileMark's Office Productivity Test?,The Y70 scored 4.5 hours of battery life on MobileMark's Office Productivity Test.
113,113,Why can Spanish prosecutors investigate the complaint filed by the sister of a Syrian man who was allegedly tortured to death in a detention center in Damascus in 2013?,"Under Spanish law, Spanish prosecutors can investigate the complaint because Mrs AH is a Spanish national, a precedent that has previously been used to investigate crimes committed by state actors in Latin America during the Cold War."
114,114,What challenges did the Ananda Meditation Group face in its first year?,"The Ananda Meditation Group faced several challenges in its first year. Initially, they struggled to find a suitable venue for the rapidly growing group. They also experienced a decrease in enthusiasm among some members, leading to a drop in attendance. Some members were uncomfortable with the meetings focusing more on devotion to their line of gurus. The group leader was frequently away due to personal reasons, and the person left in charge broke her leg, causing further disruption. Despite these challenges, they managed to maintain a steady stream of energy and celebrated their first anniversary with a Discipleship Ceremony."
115,115,How long has the user 'ihaveablog' been a member for?,"6 years, 4 months, 11 days, 7 hours, 53 minutes and 37 seconds."
116,116,What are some of the hotels available for booking in Melbourne and their respective prices for a night's stay?,"Some of the hotels available for booking in Melbourne include Batman's Hill for £53 a night, The Jasper for £56 a night, Vibe Savoy for £60 a night, Rendezvous Hotel for £67 a night, Crown Hotels for £80 a night, Grand Hyatt for £109 a night, and Novotel in St Kilda for £65 a night."
117,117,"Who was set to receive Pope Benedict XVI in Istanbul on November 29-30, 2006?","His All Holiness Ecumenical Patriarch Bartholomew was set to receive Pope Benedict XVI in Istanbul on November 29-30, 2006."
118,118,What is the Toronto Alternative Art Fair International also known as?,The Toronto Alternative Art Fair International is also known as TAAFI.
119,119,Who does the character Liz read about to her unborn child in the episode?,Liz reads about Dorothy from the Wizard of Oz to her unborn child in the episode.
120,120,What awards did Mr. Vengsarkar receive during his cricket career?,"Mr. Vengsarkar received the Arjuna Award in 1981, the Padma Shri award in 1987, and was named one of the Wisden cricketers of the year in 1987."
121,121,What was the concern raised during the development of the legislation regarding tourism and its impact on the Asian market?,"The concern raised during the development of the legislation was about its potential impact on tourism and the Asian market. However, post legislation, there was no impact."
122,122,How can BIT.Sqlite.MultiTarget be installed from the command line?,BIT.Sqlite.MultiTarget can be installed from the command line by running the following command: nuget install BIT.Sqlite.MultiTarget -Version 1.1.12 -Source.
123,123,Where can the new build of OS X Mavericks be downloaded from?,The new build of OS X Mavericks can be downloaded through the Software Update system preference and from Apple's Developer Center.
124,124,What is the stance of the New Hampshire paper on gay marriage?,"The New Hampshire paper is against gay marriage, stating that it supports marriage remaining the important man-woman institution it has always been."
125,125,What measures does Chuck Studios take to promote sustainability and reduce waste?,"Chuck Studios promotes sustainability and reduces waste by banning energy inefficient lights and investing in LED lighting technology, recycling set walls and panels, using bio-degradable paint, buying props at local stores to minimize 'prop mileage', eliminating plastic water bottles, serving vegetarian lunches, separating garbage for recycling, eliminating coffee capsules by using a coffee machine with beans, donating excess food to the Rainbow Group, commuting by bike or public transportation, compensating CO2 emissions, operating as a paperless office, and printing on ecological paper when necessary."
126,126,"What does the word ""Shamo"" refer to in the context of bird breeds?","The word ""Shamo"" refers to the large fowl, which can be further divided into O Shamo (large size) and Chu Shamo (medium size). These are the same breed, which comes in a variety of weights, all above 3kg (nearly 7lbs) being correct."
127,127,What is the factor that determines the influence of thermal bridges for wooden constructions?,The factor that determines the influence of thermal bridges for wooden constructions is the proportion of construction timber in the structural elements.
128,128,Who wore the turkey hat during the Thanksgiving celebration?,Curt wore the turkey hat during the Thanksgiving celebration.
129,129,What are some of the amenities offered at the Wyndham Grand Plaza Royale Ningbo (Howard Johnson Plaza Ningbo)?,"The Wyndham Grand Plaza Royale Ningbo (Howard Johnson Plaza Ningbo) offers amenities such as free WiFi and free parking, various room types including Deluxe, Studio, Business, Superior, and Club rooms, both smoking and non-smoking options. The hotel also has an indoor pool, fitness facilities, a steam room, a sauna, a business center, and meeting rooms. Dining options include the Lotus Garden Restaurant and the Riviera buffet restaurant. The rooms are equipped with air conditioning, a minibar, coffee/tea maker, and free toiletries among other features."
130,130,Who is the artist of the album Hillwood?,The artist of the album Hillwood is South Park Mexican.
131,131,What is the main topic discussed in the context?,Virginia Asthma And Allergy
132,132,Who are not eligible to enter the competitions?,"Their immediate families, press, agencies or any persons directly or indirectly connected with the competition are not eligible to enter any competitions. This includes immediate families from any respective competition sponsor or prize supplier."
133,133,What is the role of the leader and the sweeper in the Drop-Off System for group rides?,"In the Drop-Off System for group rides, the leader stays at the front and is responsible for navigating the route, while the sweeper stays at the back in the last position. These are the only two riders who maintain their position in the group. At every junction, the rider immediately behind the leader stops and marks the junction and indicates the route which the other members of the group should follow. All other riders pass the marker except the sweeper. The marker then re-joins the group in front of the sweeper."
134,134,What is the name of the IBM Thinkpad mentioned in the context?,The name of the IBM Thinkpad mentioned in the context is Al-Rassan.
135,135,"What is the view from Ole's apartment in Gjøvik, Norway?",The view from Ole's apartment is of Lake Mjøsa.
136,136,Who was the offensive tackle signed by the Bengals?,The Bengals signed offensive tackle Jake Fisher of Oregon.
137,137,Who are the artists booked for the Spring Weekend at Brown?,"The artists booked for the Spring Weekend at Brown are Princess Nokia, Empress Of, Young Thug, Cherry Glazerr, AlunaGeorge, and Erykah Badu."
138,138,Who was the 68th Quaid Day in 2019 celebrated in honor of?,The 68th Quaid Day in 2019 was celebrated in honor of Shaykh-ul-Islam Dr Muhammad Tahir-ul-Qadri.
139,139,What are some of the challenges Amy Bloom faces when starting a significant writing project?,"Amy Bloom finds getting started on a significant project to be the hardest part. She has to clear a mental space and recalibrate everything she's doing. This process often involves her becoming less involved in her everyday life, seeing fewer people, doing fewer things, and being less engaged. She also spends less time thinking about domestic details like what to make for dinner for her family."
140,140,Who was the pitcher for the Elk River Pioneers who injured his ankle during a practice?,The pitcher for the Elk River Pioneers who injured his ankle during a practice was Ben Hendrickson.
141,141,Where is the snake bus located?,It's in Copenhagen.
142,142,Why is it recommended to hire a professional residential electrician like O’Hara Electric for electrical work in your house?,"Hiring a professional residential electrician like O’Hara Electric for electrical work in your house is recommended due to several reasons. Working with electricity can be very hazardous and without a great deal of caution and expertise, injury is definitely capable of occurring. There are also many long term implications which may occur during an electrical project. Even something as conventional as a smoke detector installation can come back to haunt you when done improperly. Hiring a professional electrician ensures the job gets completed correctly the first time around."
143,143,What are the new terms and conditions for the settlement of goods and services supplied by local shipping agents and port services providers to owners or operators of foreign flagged vessels in Angola as of March 2021?,"The new terms and conditions include: Port charges must be charged to, and paid by, Maritime Operators exclusively in hard currency; PSPs are required to issue their invoices in hard currency only and open, maintain and operate bank accounts denominated in Euro or US$ before an Angolan commercial bank; Port Charges can be settled directly by the Maritime Operators or through their Agents; All goods and services procured by Agents to Angolan foreign-exchange resident entities, except for those supplied by PSPs to their Principal/Maritime Operators, must be settled in national currency (Kwanzas); Agents and PSPs are not allowed to open or operate offshore bank accounts for the purposes named above, except with the prior authorization from the National Bank of Angola; Agents and PSPs must ensure adequate reconciliation between invoices and foreign currency proceeds settled in their bank accounts in Angola. These changes came into effect on 23 April 2021."
144,144,What are some examples of hybrid spaces mentioned in the context?,"Examples of hybrid spaces mentioned in the context include museums, libraries, exhibition halls, supermarkets and shopping centers, restaurants and coffee shops, healthcare institutions, and educational institutions."
145,145,What are some of the features of kPow for Apache Kafka (Pro)?,"kPow for Apache Kafka (Pro) is an all-in-one toolkit that monitors and manages Kafka Clusters, Schema Registries, and Kafka Connect Clusters. It integrates with OpenID, SAML, and LDAP providers for user authentication, provides configurable Role Based Access Controls for user authorization, supports HTTPS out-of-the-box, and provides Prometheus endpoints for long-term dashboards and alerting. It features a rich data-oriented UI that allows engineers to monitor brokers, topics, partitions, consumers, members, assignments, and more in real-time. It is also compatible with Amazon MSK."
146,146,What is the opinion of the author about the show Kröd Mändoon?,"The author thinks that Kröd Mändoon is rubbish, desperately trying to be funny but basically running through adolescent jokes about sex while waving swords about."
147,147,What are the potential health risks associated with Stryker's Accolade V40 femoral head hip implant?,"The potential health risks associated with Stryker's Accolade V40 femoral head hip implant include loss of mobility, inflammation, dislocation, leg length discrepancy, and even the need for revision surgery."
148,148,Where are the Kejora Villas located?,The Kejora Villas are located in a peaceful beachfront complex in Sanur on the East coast of Bali.
149,149,What causes yellowing leaves on lemon trees?,"The yellowing of leaves on lemon trees is caused by lack of water, due to either drought or root rot from too much water. Both overwatering and underwatering can cause these symptoms. An overwatered tree often develops root damage from decay, so it can't bring in enough water. On the other hand, citrus trees in containers are more likely to suffer from dry soil."
150,150,What is the main theme of the first vignette in the context?,"The main theme of the first vignette is gender roles and social norms in relationships, and the idea of gender role reversal."
151,151,What is the main aim of the political party Lokaal Wassenaar?,The main aim of the political party Lokaal Wassenaar is to serve the local Wassenaar community by listening to the views and opinions of their fellow-villagers and following up on what they hear.
152,152,"What caused the travel chaos in France, Belgium, and Germany?","Heavy spring snowfall caused travel chaos in France, Belgium, and Germany."
153,153,What was Dick Daughtry's role in his high school football team?,He was a blinding halfback for the Goldsboro Earthquakes.
154,154,What is the title of the second part of the Emmy-award-winning documentary experiment between the National Film Board of Canada and Op-Docs?,"The title of the second part of the documentary experiment is ""Concrete""."
155,155,What are some of the uses of gloves that are 5 mil or less?,"Gloves that are 5 mil or less are often used in the medical industry, as well as by caregivers to handle patients with incontinence problems."
156,156,"Why was the name ""buildyourubuntu.com"" rejected for the business venture by the Canonical trademarks team?","The name ""buildyourubuntu.com"" was rejected because it could seem too “official” meaning “related to Canonical”."
157,157,What is the user trying to migrate from the C drive to the D drive?,The user is trying to migrate the netbackup master server application from the C drive to the D drive.
158,158,Who won the Nobel Prize in Literature that the author discusses in the context?,Kazuo Ishiguro won the Nobel Prize in Literature that the author discusses in the context.
159,159,What is the main focus of the collection mentioned in the context?,"The main focus of the collection is to connect the analysis of colonial governmentality with the present, exploring how remnants of such governmentality return and remain in apparently (post)colonial times. It seeks to account for the historic legacy of colonial governmentality, emphasizing the mode of memorialization that persists at the end of the twentieth century and into the twenty-first."
160,160,What are the two kinds of action mentioned in the context?,The two kinds of action mentioned in the context are substantial and accidental.
161,161,What are the key components of the game Sword of Rome?,"The key components of the game Sword of Rome are the four decks of Strategy Cards. These cards allow players to activate leaders and move units, build new forces, disrupt other players’ moves, and even bring the ""non-player"" powers of the Trans-Alpine Gauls, Volsci and Carthaginians into the action. Players expend these cards as part of their action phase, five of which make up a turn."
162,162,What types of grating panels does IKG carry in stock?,"IKG carries Weldforged® grating, swage locked grating, aluminum plank and pressure locked metal-bar grating in stock."
163,163,What are some of the qualifications a cosmetic dentist should have according to the American Academy of Cosmetic Dentistry (AACD)?,"A cosmetic dentist should have accreditations from the American Academy of Cosmetic Dentistry (AACD). This includes undergoing a substantial amount of education and training in cosmetic dentistry, passing comprehensive oral and written examinations, presenting at least five cases of cosmetic dentistry procedures before a panel of experts, and taking an oath to adhere to high standards of ethics in cosmetic dentistry treatment. Even after receiving accreditation, a cosmetic dentist is required to actively participate in continuing education programs and stay updated with the latest technology trends in dental treatments."
164,164,What is the purpose of the Asheville Arts Alive web portal?,"The Asheville Arts Alive web portal aims to help local artists connect with tourists and their dollars. It allows creative professionals and organizations to post profiles and event information free of charge, directing potential new customers their way even before they set foot in town."
165,165,What are the ingredients needed for the recipe?,"The ingredients needed for the recipe are ½ cup agave syrup, 1 cup water, ½ pound raisins, ¾ pound pitted and chopped dates, 4 ½ cups flour, ¾ cup butter, ¾ cup coconut oil, 1 teaspoon salt, 2 eggs, ½ teaspoon vanilla, ¾ cup agave or maple syrup, 3 cups unsweetened shredded coconut, and 1 cup chopped nuts."
166,166,What are the guidelines for interactions in the Namasté group?,"The guidelines for interactions in the Namasté group include confidentiality, speaking from the heart, reciprocity, respecting time, being ""all in"", and honoring commitments. These guidelines emphasize listening without judgment, sharing responsibility for programs and facilitation, ensuring everyone has an opportunity to speak, maintaining attentive presence, and holding each other accountable."
167,167,What are some of the top insights provided in the food and beverage tourism industry market research reports?,"The top insights provided in the market research reports for the food and beverage tourism industry include defining the culinary traveler, the importance of food to leisure travelers, food and beverage activities while traveling, PsychoCulinary profiling, financial impact of food-loving travelers, food-related decision making before the trip, social influence of travelers, lasting impact of food travel, satisfaction, return visitation and recommendation, focus on Generation Z, and post-pandemic conclusions."
168,168,"What happens to Kevin James' character in the movie ""True Memoirs of an International Assassin""?","In the movie ""True Memoirs of an International Assassin"", Kevin James plays an office worker who also writes. His life changes when his fiction novel about a deadly assassin is published as a nonfiction novel, leading to him being mistaken for a deadly assassin. He is then kidnapped and taken to Venezuela where he is repeatedly ordered to kill various people."
169,169,What is the additional short story included in the latest UK and U.S. editions of Octopussy and The Living Daylights?,"The additional short story included in the latest UK and U.S. editions of Octopussy and The Living Daylights is ""007 in New York""."
170,170,What are some benefits of walking mentioned in the context?,"Walking can help reduce fatigue and other forms of pregnancy related illnesses, help lose weight, prevent non communicable diseases like diabetes, and improve cardiovascular and pulmonary fitness. It also has mood-boosting effects."
171,171,What are the pros and cons of playing Katarina in a game?,"The pros of playing Katarina include fast minion wave clearing, strong late game, no mana usage, great teamfighting, and high rewards. The cons include the need for early game kills to be effective, inability to tank like Malphite, being a melee mage, and getting focused a lot."
172,172,"What services does the septic tank contractor in Tavares, FL offer?","The septic tank contractor in Tavares, FL offers a range of services including septic tank pumping, emergency septic tank repairs, lift station services, septic tank system repairs, septic tank inspections, and septic tank system replacements."
173,173,When was Thunder's new album “Robert Johnson’s Tombstone” released?,Thunder's new album “Robert Johnson’s Tombstone” was released on 30th October.
174,174,"Who was the CEO of JoinPad during the event at Talent Garden Calabiana, Milan?","The CEO of JoinPad during the event at Talent Garden Calabiana, Milan was Mauro Rubin."
175,175,"What is the advice given to Aries for the week of Aug. 1-14, 2018?","The advice given to Aries for the week of Aug. 1-14, 2018 is to focus on their finances and consider selling items they no longer need at a flea market."
176,176,What are some measures that can be taken to prevent computer virus attacks?,"Some measures to prevent computer virus attacks include educating employees about the pitfalls, risks and costs associated with viruses, not opening attachments and files sent without scanning them first, not clicking pop-up ads and using a virus protection software."
177,177,What amenities does Robson Suites offer to its guests?,"Robson Suites offers amenities such as free underground parking, rooms fully furnished with kitchens, free Wi-Fi, an iPod docking station, a lounge, a flat-screen cable TV, a balcony and a patio, laundry facilities, a business centre, tour desk, currency exchange service, a shuttle service, a floor designated for guests bringing their pets, and more."
178,178,What is the main goal of the Art from the Heart organization?,The main goal of the Art from the Heart organization is to provide developmentally disabled adults with a way to connect with one another as a community while also exploring their own creative spirits.
179,179,What is the purpose of the file created with the Cricut Explore machine?,The file created with the Cricut Explore machine is used to design and cut out a box and inserts for transporting cupcakes.
180,180,What are the different roles Tennyson (Tink) Jenkins has held in his life?,"Tennyson (Tink) Jenkins has held roles as a teacher, principal, superintendent for grades 1-12, Business Chairperson for high school and college, writer, and poet."
181,181,What are the different job types available in the game Breach and Clear?,"The game Breach and Clear offers six different job types for the squads. These include a ""Fireteam Leader"" who absorbs aggro and damage, a ""Weapons Sergeant"" who is powerful with a gun but less damage insulated, a ""Medic"" who acts as a healer, an ""Intelligence"" who acts as a rogue, a ""Breacher"" who is focused on explosives, and a ""Direct Action"" job that involves rapid shooting. Each class has a starting perk and gains a new special ability every 5 levels."
182,182,How did the USAID Program to Improve Access to Employment in El Salvador increase its visibility and engagement through social media?,"The USAID Program to Improve Access to Employment in El Salvador increased its visibility and engagement through social media by making the content on their Facebook page more attractive and useful. They livened up the previously text-heavy layout with video testimonials, photo collages of participants, and tips for job seekers. They also ran ads within Facebook to attract attention to the page. The page now houses free announcements of job and professional development opportunities and hosts open audition-style gatherings. The platform is also used to cement relationships with organizations like the Chamber of Commerce and Industry of El Salvador and the Development Bank of El Salvador."
183,183,How was the function to generate the popup box on the website called?,The function to generate the popup box on the website was called by the server when the user left the site.
184,184,What are the weights of William and Esther as mentioned in the context?,William weighs 1635g or 3lb 9oz and Esther weighs 1310g or 2lb 14oz.
185,185,What genres of music is Tim Barry known for?,Tim Barry is known for Punk Rock and Folk genres.
186,186,What are the three things you need to have before you can be ready to make the changes necessary to get your finances in order?,The context does not provide specific information on the three things you need to have before you can be ready to make the changes necessary to get your finances in order.
187,187,What is the last book the author read and what is the next one they plan to start?,"The last book the author read was a biography about the deadliest climbing year on Everest. The next book they plan to start is ""The Help""."
188,188,When is the new Sailor Moon anime slated for release?,The new Sailor Moon anime is slated for a worldwide release in July 2014.
189,189,What are the different types of launch frameworks mentioned in the blog?,"The different types of launch frameworks mentioned in the blog are: Once a year (annual), Twice a year (biannual), Three times a year, Four times a year (Quarterly), and Evergreen."
190,190,What are the two parts of the TTP machine developed by TTP Labtech and Lenze?,"The two parts of the TTP machine are 'comPound', a storage and retrieval unit, and 'comPiler', a modular unit that prepares chemicals for test."
191,191,"What is the main theme of the novel ""Tropical Secrets"" by Margarita Engle?","The main theme of the novel ""Tropical Secrets"" is the power of compassion and helping others in times of suffering, as demonstrated by the two main characters, Daniel and Paloma, who despite their own struggles, find ways to help others amidst the Holocaust."
192,192,What are some differences between film and digital photography according to the author's experience?,"The author notes that digital photography is easier to capture a good image with, but film can provide a better capture. Film over-exposes better than a digital sensor, compressing a large exposure range into the top end gently so that colors just desaturate to white. Digital sensors, however, are linear and stop counting photons at their maximum value, which can result in pure white or color bands around overexposed objects. Film also captures all three colors at every point, while digital sensors capture only one color at each point and then interpolate between them to create a proper RGB image. Despite these differences, the author finds the 10MP digital sensors of today to be about comparable to common, non-professional film for resolution in the final image."
193,193,What is the issue with the Revox PR99 MKIII Reel To Reel Tape Recorder?,The channel 1 lightbulb is burned out and there are minor blemishes and staining on the housing.
194,194,What are some of the popular places to visit near Abilly in France?,"Some popular places to visit near Abilly include La Roche-Posay at 18 km and Chatellerault at 19 km. Other attractions include markets in Descartes, Le Grand-Pressigny, Ligueil, Preuilly-sur-Claise, La Roche-Posay, Chatellerault, Sainte-Maure-de-Touraine, Manthelan, Naintre, and Loches. There are also heritage sites like Angles-sur-l'Anglin, Crissay-sur-Manse, Montresor, and Chateau d'Azay-le-Rideau, as well as remarkable gardens like Les jardins du château du Rivau, Touffou, Les jardins de la Chatonnière, Les jardins du château de Villandry, and Parc et jardins du château de Chenonceau. The amusement park Futuroscope is also a notable place to visit."
195,195,What are the specialties of the professional in Mortgage Lending mentioned in the context?,"The specialties include Investment Lending and Owner Occupied Lending, new home purchases, home refinancing, new construction loans, renovation loans, FHA, VA, UDSA, conventional financing and more."
196,196,Who were the primary targets of the ICE operation in Texas?,The primary targets of the ICE operation in Texas were convicted illegal aliens who have criminal records or are fugitives running from the law.
197,197,How many seasons in a row have the Trail Blazers made the playoffs?,The Trail Blazers have made the playoffs for the fifth straight season.
198,198,What were the charges against Palmer and Driver for their involvement in the Ponzi Scheme?,"Palmer and Driver faced four felony charges of mail and wire fraud, each of which carries a maximum penalty of 20 years in prison and/or fines up to $250,000."
199,199,Who is Dave Coulier married to?,Dave Coulier is married to Melissa Bring.
